,tweetId,tweetIdx,group,content,screenName,valence,valenceGrpPred,valenceSeq,valenceSeqRank,dominance,dominanceGrpPred,dominanceSeq,dominanceSeqRank,care,careGrpPred,careSeq,careSeqRank,fairness,fairnessGrpPred,fairnessSeq,fairnessSeqRank,loyalty,loyaltyGrpPred,loyaltySeq,loyaltySeqRank,authority,authorityGrpPred,authoritySeq,authoritySeqRank,purity,purityGrpPred,puritySeq,puritySeqRank,pred,prob
5,745973490533076000,5,0,<user> the real problem is no way to have an effective conversation about gun control in this country right now . both sides dug in,hbgilchrist,0.541666667,0,problem,2,0.395833333,0,the real problem is no way to,7,2,1,conversation about gun control in this country right now,19,0,0,effective,2,1,0,<user>,2.102272727,1,1,<user> the public want action on gun violence,7.0,2,0,<user>,2.0,0,0.3854166666666667
41,745258191253049000,40,0,"<user> open your eyes , chicago , new york and california have strictest gun control laws and the most shootings , it does not work ! <repeated>",KEVIN_639,0.1875,0,have strictest gun control laws and the most shootings,7,0.416666667,0,have strictest gun control laws and the most shootings,8,2,0,have strictest gun control laws and the most shootings,14,0,0,california have strictest gun control laws,5,2,0,<user>,2.102272727,2,0,<user> one of,3.0,2,0,<user>,2.0,0,0.3854166666666667
45,758106945920303000,44,0,my family fled communism . stop pushing soviet - style gun control here . <url> via <user>,Longhorn74BBA,0.395833333,0,style gun control here,11,0.479166667,0,style gun control here,11,2,0,style gun control here,13,0,0,family fled communism,4,2,0,my dtr,3.0,2,0,my,2.0,2,0,my,2.0,0,0.3854166666666667
53,763548819116228000,52,0,<user> see the difference an armed force makes ? and <allcaps> that </allcaps> is why the government wants <allcaps> more </allcaps> gun control <url>,Am3ricafuckyeah,0.520833333,0,the difference an armed force makes,5,0.5,0,more </allcaps> gun control,5,1,0,gun,2,0,0,difference an armed,4,2,0,with a gun needs wooden stake shaped into a,4.0,0,0,<user>,2.042105263,2,0,<user>,2.0,0,0.3854166666666667
85,751823551561342000,83,0,"<user> so what is a "" second amendment person ? "" and how are they supposed to stop clinton , exactly ? <hashtag> dangerous </hashtag> <hashtag> dumb </hashtag> <hashtag> violent </hashtag>",GoBigRedRev,0.125,1,second,2,0.354166667,0,and how are they supposed to stop clinton,12,2,1,and how are they supposed to stop clinton,9,0,0,dumb </hashtag>,3,2,0,<repeated> hmm <elongated>,3.0,2,0,<user> so,2.0,2,0,<user>,2.0,0,0.3854166666666667
146,821795928801771000,143,0,"even at harvard , , , harvard gun study concludes gun bans don ‚Äô t reduce the murder rate - hot air <url>",ThomadroStudios,0.541666667,1,gun bans don ‚Äô t reduce the murder rate,12,0.4375,1,gun bans don ‚Äô t reduce the murder rate,13,2,0,gun bans don ‚Äô t reduce the murder rate,11,0,0,harvard gun study concludes gun bans,6,2,0,betsy,6.0,0,0,bear arms,4.0,2,0,essay,2.0,0,0.3854166666666667
156,787824938879037000,153,0,<user> it ' s funny how these politicians sitting in against gun violence are likely the same ones that approve the killing of unborn babies .,LazarosSTL,0.354166667,1,killing,2,0.3125,0,gun violence are likely the same ones that approve,13,2,0,same ones that approve the killing of unborn babies,14,0,1,these politicians sitting in against gun violence are likely,7,2,0,<user>,2.102272727,2,1,massive,2.0,2,0,<user>,2.0,0,0.3854166666666667
193,742079005743034000,190,0,the horrific acts of the orlando shooting are tragic and saddening but this was an act of terrorism not an issue of gun control,dylretz,0.270833333,0,terrorism not an issue of gun,5,0.291666667,1,an act of terrorism not an issue of gun,16,2,0,an act of terrorism not an issue of gun,15,0,0,horrific acts,2,2,0,an act,2.0,2,1,the,3.306122449,2,0,the,2.0,0,0.3854166666666667
222,745737978517954000,220,0,<user> did a weak kneed cave in on allowing the gun control vote . you are spineless to stand up against the dems .,Dotsdad,0.166666667,0,kneed cave in on allowing the gun control vote,11,0.458333333,0,kneed cave in on allowing the gun control vote,14,2,0,kneed cave in on allowing the gun control vote,13,0,0,you are spineless to stand up against the dems,12,1,0,no bill no break,4.681818182,0,1,<user> demanding action on gun violence is not a,7.0,2,0,<user>,2.0,0,0.3854166666666667
227,751532698649276000,225,0,<user> <user> <user> <user> <user> <allcaps> no way </allcaps> gun loving christian citizens of texas are going blue ! <hashtag> trump 2016 </hashtag>,LarissaBaca,0.458333333,0,gun loving christian citizens of texas are going blue,7,0.291666667,0,<user> gun regulation on works on law abiding folks,9,3,0,patrol as gun control we might not have a,9,0,0,gun loving christian citizens,4,1,0,<user> <user> <user>,3.0,1,0,sick,2.0,0,0,<user>,2.0,0,0.3854166666666667
228,810891322936664000,226,0,<user> <allcaps> hey gun control libtardians </allcaps> . looks like a <allcaps> great opportunity </allcaps> to live somewher gun free ! <allcaps> move to korea </allcaps> .,celtic_craig,0.125,0,hey gun control libtardians,4,0.5625,0,<user> <allcaps> hey gun control libtardians </allcaps>,9,2,0,gun control libtardians,3,0,0,gun,2,2,0,<allcaps>,2.3,2,0,<user>,2.042105263,2,0,<user>,2.0,0,0.3854166666666667
235,803669137411149000,234,0,<allcaps> gun control will call for a massive purge </allcaps> ! <repeated> . <repeated> <allcaps> not very wise at all </allcaps> ! <repeated> <url>,MaximumSoler,0.041666667,0,a massive,2,0.458333333,0,<allcaps> gun control will call for a massive purge,7,2,0,gun control will call,6,0,0,gun,2,2,0,gun control will call for a massive purge </allcaps>,19.0,2,0,<allcaps>,2.0,2,0,<allcaps>,2.0,0,0.3854166666666667
242,760312890616340000,241,0,"gun control & ownership is about political power the founders , hitler , & mao zedong knew it",griffster7,0.375,0,mao zedong knew,2,0.375,0,ownership is about political power the founders,12,2,0,ownership is about political power the founders,13,0,0,zedong knew,2,2,0,protect the second </hashtag>,8.0,2,1,trump pence 16 </hashtag>,7.0,2,0,gun,2.0,0,0.3854166666666667
253,742403630041554000,252,0,<user> lets worry about what really matters ‚Ä¶ our second amendment ‚Ä¶ <user> <hashtag> gift a gun </hashtag>,Jeffcaddell,0.5,0,what really matters ‚Ä¶ our second amendment ‚Ä¶ <user>,9,0.375,0,<user> lets worry about what really matters ‚Ä¶ our,7,1,0,worry,2,0,0,amendment,2,2,0,less than,2.0,2,0,less,2.0,0,0,of domestic terror attacks are <allcaps> isis </allcaps> related,23.0,0,0.3854166666666667
272,804055043322347000,271,0,<user> <user> because he supports our police officers and our second amendment ? the only idiot i see here is you,Iamduckk,0.041666667,0,he supports our police officers and our second amendment,10,0.354166667,0,idiot,2,2,0,officers and our second amendment,7,0,0,amendment,2,1,0,<user> at least,3.0,2,0,least,2.0,2,0,<user>,2.0,0,0.3854166666666667
279,743575288282488000,278,0,"i hate it for the victims as much as anyone else , but i am sick and tired of every1 thinking gun control is the answer <url>",ClintHolt123,0.166666667,1,thinking,2,0.354166667,0,tired of every1 thinking gun control is the answer,10,2,0,tired of every1 thinking gun control is the answer,12,0,1,every1 thinking,2,2,0,on u.s. soil norm for ppl in their <number>,26.0,2,0,i,2.083333333,2,0,i,2.0,0,0.3854166666666667
280,743180388042833000,279,0,u.s. gun violence : charts <user> <url> guns ever in us . <percent> of active shooter events had armed civilian response . safer ?,jenfalv,0.375,1,events had armed civilian response,5,0.3125,0,<percent> of active shooter events had armed civilian response,18,2,0,<percent> of active shooter events had armed civilian response,14,0,1,events had armed civilian response,5,2,0,<user> <url>,3.0,2,0,u.s.,2.0,2,0,u.s.,2.0,0,0.3854166666666667
326,763122534250196000,324,0,<hashtag> huntthemdown </hashtag> solution to gun violence in chicago ? <allcaps> bounty hunters </allcaps> to hunt down gang bangers . <url>,doubleplayband,0.3125,0,to hunt down gang,3,0.5,0,<allcaps> bounty hunters </allcaps> to hunt down gang bangers,12,3,0,to hunt down gang bangers,4,0,1,huntthemdown </hashtag> solution,4,2,0,</hashtag> üî∑ üî∑ üî∑ üî∑ üî∑ üî∑ üî∑ üî∑,6.0,0,1,trump insinuating violence against hillary clinton,8.0,2,0,üî∑ üî∑ üî∑ üî∑ üî∑ üî∑ üî∑ breaking news,33.0,0,0.3854166666666667
332,743922871244840000,331,0,<user> this gun control clown is killing me with his senselessness . shut him <allcaps> down </allcaps> . ar15 same as class <number> . <repeated> <hashtag> moronic </hashtag>,evanjeastman,0.104166667,0,this gun control clown is killing me with his,7,0.395833333,0,this gun control clown is killing me with his,9,2,0,gun control clown is killing me with his senselessness,7,0,0,moronic,2,2,0,this country does not have a gun control problem,7.0,2,0,country does,2.0,2,0,<user>,2.0,0,0.3854166666666667
355,742003466399285000,354,0,"this <allcaps> is not </allcaps> a gun control issue . this is the need for greater security , surveillance and better border control <url>",MikePCorrigan,0.541666667,0,<allcaps> is not </allcaps> a gun control issue,7,0.4375,0,this <allcaps> is not </allcaps> a gun control issue,11,1,0,gun,2,0,0,surveillance,2,2,0,this <allcaps> is not </allcaps> a gun control issue,20.0,2,0,this,2.0,2,0,this,2.0,0,0.3854166666666667
363,753339874111959000,362,0,"gun control bullshit again , trying to make people feel bad for having gun , will not work . try again , or tell the truth . <url>",AshleyNBurgess5,0.104166667,0,gun control bullshit again,2,0.395833333,0,bad for having gun,13,2,0,trying to make people feel bad for having gun,21,0,0,gun control,2,2,0,article notes little rock tops chicago in murder rate,3.0,2,1,gun,2.0,2,0,gun,2.0,0,0.3854166666666667
433,742104408486379000,430,0,what do not people understand ? give them access to guns & they will buy and use . terrorism or not - <allcaps> usa </allcaps> gun laws is the issue . <hashtag> pray for orlando </hashtag>,Orenf318,0.395833333,0,<allcaps> usa </allcaps> gun laws is the issue,8,0.4375,0,give them access to guns,11,3,0,usa </allcaps> gun laws is the issue,14,0,0,give them access,3,1,0,pray for orlando,3.666666667,2,0,what do,2.0,2,0,what,2.0,0,0.3854166666666667
452,745827527541817000,451,0,fuck your gun control üá∫ üá∏,JEREMYOTTO9,0.0625,0,fuck your gun control üá∫,5,0.270833333,0,fuck your gun control üá∫,5,2,0,fuck your gun control üá∫,6,0,0,gun control üá∫,3,2,0,from the city with the strongest gun control laws,19.0,1,0,strongest,2.0,2,0,from,2.0,0,0.3854166666666667
466,751442092245803000,465,0,<user> is complete moron . that gun didn ‚Äô t leap into the muslim terrorists hands <url>,jbairdjr,0.083333333,0,didn ‚Äô t leap into the muslim terrorists hands,10,0.291666667,0,didn ‚Äô t leap into the muslim terrorists hands,13,2,0,didn ‚Äô t leap into the muslim terrorists hands,14,0,0,terrorists,2,2,0,<user>,2.102272727,2,0,<user> incidentally most americans,3.0,2,0,<user>,2.0,0,0.3854166666666667
475,742227838321856000,474,0,"we do not need gun control , we <allcaps> need </allcaps> radical islamic terrorist control !",simosez,0.1875,0,<allcaps> need </allcaps> radical islamic terrorist control,7,0.5625,0,we <allcaps> need </allcaps> radical islamic terrorist control,12,3,0,do not need gun control,6,0,0,we,2,2,0,we <allcaps> need </allcaps> radical islamic terrorist control,9.0,2,0,we,2.0,0,0,we <allcaps> need </allcaps> radical islamic terrorist control,5.0,0,0.3854166666666667
484,791820680111075000,482,0,<user> and tough gun laws do not stop a drug dealer from having a mac <number> . it ' s not gun laws . <repeated> it ' s enforcement .,philyd61,0.4375,0,stop a drug dealer from having a mac <number>,23,0.291666667,0,not stop a drug dealer from having a mac,13,3,0,laws do not stop a drug dealer from having,11,0,0,tough gun laws do,4,2,0,that is why the government wants more gun control,7.0,2,1,wants more,2.0,2,0,<user>,2.0,0,0.3854166666666667
571,778440400650448000,569,0,"<user> if elected president , could you <allcaps> please </allcaps> help invoke <allcaps> harsh </allcaps> gun laws within the city of chicago and state of illinois ?",seanbevilaqua,0.541666667,0,harsh </allcaps> gun laws within the city of chicago,6,0.479166667,0,within the city of chicago and state of illinois,11,1,0,and state of illinois,5,0,1,</allcaps> help invoke <allcaps> harsh </allcaps> gun laws within,14,0,0,but ask,7.0,0,1,trump </hashtag> is so concerned about preventing terror then,7.0,2,0,<user>,2.0,0,0.3854166666666667
623,742412807019343000,621,0,<user> i am <allcaps> cdn </allcaps> <hashtag> make america great again </hashtag> focus worldwide on stopping needless deaths . gun violence . not good . <user> <user> .,jchung02,0.541666667,1,stopping needless deaths,2,0.5,0,focus worldwide on stopping needless deaths,6,3,1,needless deaths,2,0,1,focus worldwide on stopping needless deaths,4,2,0,<user> i,2.75,2,0,his fault,4.0,2,0,<user>,2.0,0,0.3854166666666667
646,788911432230469000,644,0,"chicago has the strictest gun control in the nation , and the highest murder rate . <hashtag> debate night </hashtag> <hashtag> debates 2016 </hashtag>",Stephen_Aaron,0.375,1,and the highest murder rate,7,0.395833333,0,chicago has the strictest gun control in the nation,7,2,1,chicago has the strictest gun control in the nation,15,0,1,and the highest murder rate,14,2,0,just like many other places,7.0,2,0,chicago,2.25,2,0,chicago,2.0,0,0.3854166666666667
662,798652473334337000,659,0,"<user> unlike with the second amendment , in the us there is no bill of right to have possession of a truck . outlaw trucks !",colincody,0.4375,0,the second,2,0.541666667,0,there is no bill,4,1,0,unlike,2,0,1,no bill of,3,2,0,instead of the mental,5.0,2,0,lashing,2.0,2,0,<user>,2.0,0,0.3854166666666667
694,791769213161529000,692,0,reporter : not safe to trust second amendment to hillary clinton <url> via <user>,Longhorn74BBA,0.333333333,0,to trust second amendment to hillary clinton <url> via,9,0.291666667,0,to trust second amendment to hillary clinton <url> via,12,2,0,to trust second amendment to hillary clinton <url> via,12,0,0,hillary clinton,2,2,0,to trust second amendment to hillary clinton <url> via,5.0,3,0,to trust second amendment to hillary clinton <url> via,3.0,2,0,reporter,2.0,0,0.3854166666666667
707,800416228946935000,705,0,<user> <user> <user> what more proof than 3 0 k deaths a year do you need that your gun laws are madness,Imy1,0.3125,0,than 3 0 k deaths a year do you,14,0.291666667,0,what more proof than 3 0 k deaths a,13,2,0,year do you need that your gun laws are,10,0,0,your gun laws are,5,2,0,<user> <user> <user> u,3.0,1,1,<user> <user> <user> u want to end gun violence,8.0,2,0,<user>,2.0,0,0.3854166666666667
711,785651467512274000,709,0,"<user> those strict gun control laws will help a lot , just like in california and san bernardino .",MrSpookySkeltal,0.479166667,0,those strict gun control laws will help a lot,8,0.458333333,0,those strict gun control laws will help a lot,9,2,0,those strict gun control laws will help a lot,7,0,0,<user> those strict gun control laws will help a,7,2,0,this why we need gun control ‚úä üèª ‚úä,4.0,2,1,why,2.0,2,0,<user>,2.0,0,0.3854166666666667
713,803449735608750000,711,0,people are confused what he means is it was useless gun violence for that cop to shoot that poor terrorist <url>,jasonwhorton1,0.416666667,0,violence for that cop to shoot that poor terrorist,12,0.395833333,0,violence for that cop to shoot that poor terrorist,11,2,0,violence for that cop to shoot that poor terrorist,19,0,0,useless,2,2,0,violence for that cop to shoot that poor terrorist,9.0,2,1,people,2.0,2,0,people,2.0,0,0.3854166666666667
721,747863776783831000,719,0,<user> it is not a gun thing it was a islamic terrorist attack <url> <url>,NTXDuckhunts,0.416666667,0,gun thing it was a islamic terrorist attack <url>,7,0.333333333,0,gun thing it was a islamic terrorist attack <url>,9,2,0,gun thing it was a islamic terrorist attack <url>,8,0,0,terrorist attack,2,2,0,<allcaps>,2.3,2,1,does not care about victims,4.0,0,0,</allcaps> does not care about victims of gun violence,16.0,0,0.3854166666666667
723,742109948012699000,721,0,"<user> <user> gun is not the problem its people , the congress need to go beyond the weapon , gunless society is not a guarrantee of safety .",Adelp88,0.541666667,0,problem,2,0.541666667,0,<user> <user> gun is not the problem its people,13,3,1,<user> <user> gun is not the problem its people,27,0,0,congress need,2,2,0,gun control is the last thing that america needs,11.0,2,0,<user> <user> gun,2.0,2,0,<user>,2.0,0,0.3854166666666667
734,742185945726750000,732,0,"the reason why obama blames the orlando shooting on gun control is because him , just like the shooter , is a terrorist . <hashtag> weneed trump </hashtag>",sexy_sumpter,0.104166667,0,the orlando shooting on gun control is because him,11,0.458333333,0,the orlando shooting on gun control is because him,11,2,0,the orlando shooting on gun control is because him,12,0,0,obama blames the,7,2,0,weneed trump,4.0,0,1,obama blames the orlando,4.0,2,0,the,2.0,0,0.3854166666666667
765,787090658909646000,762,0,as usual <hashtag> cnn </hashtag> reporters = bad at their job . <repeated> do a story on chicago and their heave gun control laws . <url>,BlkRobeRegiment,0.25,1,heave,2,0.395833333,0,on chicago and their heave gun control laws,9,2,0,story on chicago and their heave gun control laws,19,0,0,story on chicago and their heave gun control laws,10,2,0,</allcaps>,2.666666667,2,0,as they,2.0,2,0,as,2.0,0,0.3854166666666667
797,754793055618686000,795,0,"sid gautreaux , "" to me , this is not so much about gun control as it is about what ' s in men ' s hearts "" <hashtag> pray for baton rouge </hashtag> <url>",TammyMcAnally,0.520833333,1,pray,2,0.395833333,0,not so much about gun control as it,10,1,1,much about gun control as it is about what,6,0,1,pray,2,2,0,pray for baton rouge,4.0,2,0,sid,2.0,2,0,sid,2.0,0,0.3854166666666667
799,738059626432724000,797,0,"another example of immigration and gun control , in merkels , munick ! <repeated> do you see this , killary , and obummer ? <repeated> agood guy with a gun ? <repeated>",goober01013,0.229166667,0,another example of immigration and gun,4,0.416666667,0,example of immigration and gun control,8,1,0,gun,2,0,0,of immigration,2,1,0,and prayers </hashtag>,2.0,2,0,another,2.0,0,0,rational gun legislation,6.0,0,0.3854166666666667
806,745991212675497000,804,0,"<user> look @ the study on frontl brn dmg sometime . + chld abus , ecnmc level , relgn , educ . level - - indicators of potential gun violence .",readhere,0.5,1,chld abus,2,0.395833333,0,the study on frontl brn dmg sometime,18,2,0,the study on frontl brn dmg sometime,16,0,1,educ,3,2,0,<user> lets worry,3.0,2,0,<user> lets worry,3.0,2,0,<user>,2.0,0,0.3854166666666667
826,742895822451412000,824,0,2 d amendment is not the issue . it the people behind the gun is the issue <hashtag> debate night </hashtag>,JamesWear5,0.5,0,2 d amendment is not the issue,6,0.541666667,0,amendment is not the issue,6,2,0,it the people behind the gun is the issue,13,0,1,debate night,2,2,0,to your doorstep,4.0,2,0,do not,2.333333333,2,0,weeb ass government when they come to your doorstep,33.0,0,0.3854166666666667
841,746107052741791000,838,0,<user> <user> you pigs its gun violence <hashtag> make america islam </hashtag> <url>,AMERICANMUSL1M,0.145833333,0,pigs its,2,0.354166667,0,<user> <user> you pigs its gun violence,6,2,0,<user> <user> you pigs its gun violence,5,0,0,islam,2,1,0,add,2.0,1,1,no more gun violence,15.0,2,0,<user>,2.0,0,0.3854166666666667
855,743676551414198000,853,0,gun legislation has missed the mark . the problem isn ‚Äô t the u.s. constitution . the problem is islamic terrorism ‚Ä¶ <url> <hashtag> 2 a </hashtag>,kevincramer,0.479166667,0,gun legislation has missed the mark,9,0.479166667,0,gun legislation has missed the mark,7,2,0,the problem isn ‚Äô t the u.s. constitution,14,0,0,gun legislation,2,2,0,gun laws would be bad,8.0,2,0,gun,2.0,2,0,gun,2.0,0,0.3854166666666667
867,782908050965487000,866,0,"<user> the problem is violence , not gun violence . until higher moral standards are shared and even demanded , the problem will continue to grow .",Kedoaj,0.395833333,0,higher moral standards are shared and even demanded,10,0.416666667,0,until higher moral standards are,13,3,1,until higher moral standards are shared and even demanded,14,0,1,until higher moral standards are shared and even demanded,7,2,0,<user>,2.102272727,2,0,problem,2.0,2,0,<user>,2.0,0,0.3854166666666667
868,742757062032134000,867,0,"by using real data , specifically how would gun bans or gun control prevent an <hashtag> orlando shooting </hashtag> ? <user> <user> <hashtag> the five </hashtag>",realbrianhook,0.520833333,0,how would gun bans or gun control prevent an,14,0.3125,0,how would gun bans or gun control prevent an,9,3,0,how would gun bans or gun control prevent an,8,0,0,specifically how would gun bans or gun control prevent,7,2,0,by <user> for <user>,5.0,0,1,anger at lack of gun,7.0,2,0,by,2.0,0,0.3854166666666667
890,743166446151278000,889,0,<user> sir - when are you going to realize it ' s the person or ideology that kills not the gun . gun knife bomb - same results .,sammyg1953,0.291666667,0,the person or ideology that kills not the gun,13,0.541666667,0,or ideology that kills not the gun,17,3,0,the person or ideology that kills not the gun,20,0,0,ideology,2,1,0,<user> show leadership join the movement,5.0,1,0,show leadership join the movement for sensible gun control,8.0,2,0,<user>,2.0,0,0.3854166666666667
897,742132540018970000,896,0,<user> <user> ban dems from gun purchases . democrats kill too many people . <hashtag> talk gun sense </hashtag> <url>,jdruzicka,0.145833333,1,ban dems,2,0.4375,0,<user> <user> ban dems from gun purchases,10,2,0,<user> ban dems from gun purchases,17,0,0,<user> <user> ban dems from gun purchases,6,0,0,<user>,2.102272727,0,1,<allcaps> potus </allcaps> goes to gun control when an,7.0,0,0,s going to get a lot of us dead,17.0,0,0.3854166666666667
909,742203989844996000,907,0,<user> is hillary clinton takes away the second amendment there ' ll be a war in the united states and that is a fact and a promise,Firetrip69Sw,0.375,0,is hillary clinton takes away the second amendment there,8,0.458333333,0,is hillary clinton takes away the second amendment there,8,2,0,is hillary clinton takes away the second amendment there,14,0,0,hillary clinton,2,2,0,didn ‚Äô t leap into the muslim terrorists hands,6.0,0,0,moron,2.0,0,0,didn ‚Äô t leap into the muslim terrorists hands,8.0,0,0.3854166666666667
942,743508756051427000,939,0,"boy , those gun control laws are really doing chicago a lot of good ! <hashtag> not </hashtag> <hashtag> chicago </hashtag> <hashtag> guns </hashtag> <hashtag> gun control </hashtag> <url>",dmcreek,0.375,0,laws are really doing chicago a lot of good,11,0.3125,0,laws are really doing chicago a lot of good,17,2,0,laws are really doing chicago a lot of good,10,0,0,laws,2,2,0,boston globe editorial on gun control,8.142857143,1,0,boston globe editorial on gun control,5.857142857,2,0,boston,2.0,0,0.3854166666666667
1018,794621674800955000,1018,0,<user> btw how is gun controll working in chicago ? haha,claysmith48,0.541666667,0,<user> btw how is gun controll working in chicago,7,0.333333333,0,<user> btw how is gun controll working in chicago,8,2,0,<user> btw how is gun controll working in chicago,11,0,0,is gun controll,4,2,0,<user> bravo,4.0,2,0,<user>,2.042105263,2,0,<user>,2.0,0,0.3854166666666667
1022,742471876702769000,1022,0,gun control is a good site picture and squeezing the trigger . that will stop a terrorist every time,WTedford,0.520833333,0,a terrorist every,3,0.5625,0,gun control is a,5,3,0,is a good site picture and squeezing the trigger,17,0,0,terrorist every,2,2,0,one cares if it makes people go in sane,11.0,2,1,gun,2.0,2,0,gun,2.0,0,0.3854166666666667
1054,828928927955566000,1053,0,and somehow gun control is going to stop isis ? <url>,jpenn17,0.479166667,0,somehow gun control is,3,0.270833333,0,and somehow gun control is going to stop isis,7,2,0,and somehow gun control is going to stop isis,9,0,0,somehow,2,0,0,gun violence is on you,10.0,2,0,and,2.142857143,2,0,and,2.0,0,0.3854166666666667
1070,741998115117375000,1068,0,"as they rightly should "" <user> : <allcaps> poll </allcaps> : americans fear <allcaps> gun control </allcaps> more than mass shootings <url>",U853,0.4375,1,than mass,2,0.333333333,1,fear <allcaps> gun control </allcaps> more than mass shootings,9,2,0,<allcaps> gun control </allcaps> more than mass shootings,13,0,1,as they rightly should,9,2,0,my prayers go out to,7.0,1,0,as,2.0,2,0,out to,3.0,0,0.3854166666666667
1105,763099038585585000,1104,0,unbelievable ! <repeated> <user> planting ideas into gun nuts . you can us the 2 nd amendment to get rid of someone . <repeated> <url>,vertexpd,0.25,0,2 nd amendment to,5,0.395833333,0,<repeated> <user> planting ideas into gun nuts,10,2,0,the 2 nd amendment to get rid of someone,20,0,0,amendment,2,2,0,the 2 nd amendment to get rid of someone,19.0,0,0,unbelievable,2.0,2,0,unbelievable,2.0,0,0.3854166666666667
1108,738392383986012000,1107,0,<number> - time olympic shooting medalist says gun control is ‚Äò killing our sport ‚Äô | video | <url> <url>,Petes1800,0.479166667,0,says gun control is ‚Äò killing our sport ‚Äô,11,0.4375,0,says gun control is ‚Äò killing our sport ‚Äô,9,2,0,says gun control is ‚Äò killing our sport ‚Äô,10,0,0,shooting medalist,2,1,0,wear orange </hashtag> protect our,5.0,2,0,wear orange </hashtag> protect our children,3.0,2,0,wear orange </hashtag> protect our children from gun violence,3.0,0,0.3854166666666667
1237,745960379658944000,1236,0,"<user> and again , <allcaps> it is the problem with gun control </allcaps> ! <repeated> this moron does not get it ! <repeated>",BobbMessina,0.0,0,this moron does not get it,5,0.375,0,moron does not get it,7,2,0,it is the problem with gun control </allcaps>,12,0,0,moron,2,1,0,no bill no break,4.681818182,3,0,<user> americans slaughtered by gun violence are not,16.0,2,0,<user>,2.0,0,0.3854166666666667
1250,742801390049730000,1248,0,wife of nightclub shooter knew deadly plans source says <url> prosecute her instead of gun control which is red herring !,JimSpencer7,0.395833333,0,her instead of gun control which is red herring,15,0.5625,0,her instead of gun control which is red herring,15,3,0,nightclub shooter knew deadly plans source says <url> prosecute,10,0,0,prosecute,2,2,0,her instead of gun control which is red herring,4.0,2,1,instead,2.0,2,0,wife,2.0,0,0.3854166666666667
1259,776105817997053000,1257,0,<user> <user> france has zero guns . what ' s their discussion after the mass shooting they just had ? more gun laws ?,miffer71,0.354166667,0,<user> <user> france has zero guns,10,0.333333333,0,<user> <user> france has zero guns,8,2,0,their discussion after the mass shooting they just had,17,0,0,gun laws,2,2,0,lives </hashtag>,4.0,1,1,<user> <user> flying is a privilege,9.0,2,0,<user>,2.0,0,0.3854166666666667
1263,751476087540969000,1261,0,"<user> we had some idiot attacking the louvre with a knife , luckely idiots can not buy guns in europe . get smart about gun laws",Harold_d11,0.1875,0,had some idiot attacking the louvre with a knife,11,0.5,0,luckely idiots can not buy guns in europe,13,2,0,had some idiot attacking the louvre with a knife,19,0,0,idiot attacking,4,1,0,<user> we,2.2,1,1,<user> we do not need gun control we need,7.0,2,0,<user>,2.0,0,0.3854166666666667
1267,758137021097476000,1265,0,"this <hashtag> dnc </hashtag> is a joke ! there has been more talk about gun violence and pointless "" movements "" than our nations security from terrorism ! <hashtag> joke </hashtag>",ChitownDagger,0.104166667,1,joke,2,0.416666667,0,about gun violence and pointless,6,2,0,has been more talk about gun violence and pointless,12,0,0,joke,3,0,0,joke,5.0,0,1,dnc </hashtag> is a joke,4.0,2,0,this,2.0,0,0.3854166666666667
1316,763025924073857000,1314,0,orlando terrorist ' s father cheers at hillary clinton rally ; calls for gun control - breitbart <url>,Gunspurs,0.541666667,0,s father cheers at hillary clinton rally,14,0.458333333,0,cheers at hillary clinton rally,14,1,0,gun,2,0,0,at hillary clinton rally,4,2,0,s father cheers at hillary clinton rally,11.0,0,1,cheers at hillary clinton rally,8.0,2,0,orlando,2.25,0,0.3854166666666667
1325,745993208023355000,1323,0,"<user> <user> <user> <user> hey michelle , this was about <allcaps> radical islamic terrorism </allcaps> , and <allcaps> not </allcaps> gun control ! ur q",tbojo816,0.229166667,0,was about <allcaps> radical islamic terrorism </allcaps>,12,0.520833333,0,and <allcaps> not </allcaps> gun control,13,2,0,this was about <allcaps> radical islamic terrorism </allcaps>,17,0,0,islamic terrorism,2,2,0,<user> <user> <user> <user> gun,5.0,2,1,gun,2.0,2,0,<user>,2.0,0,0.3854166666666667
1369,787704371022852000,1367,0,"obama legacy - <number> years : blaming previous admin . , vacation , apologizing to other countries screwing us , actions increased gun violence - <allcaps> wow </allcaps> !",tj56rrbdg2,0.104166667,0,blaming previous admin,6,0.270833333,0,actions increased gun violence,8,2,0,apologizing to other countries screwing us,18,0,1,apologizing to other countries screwing us,9,0,0,apologizing to other countries screwing us,20.0,0,1,blaming previous admin,6.0,2,0,obama,2.0,0,0.3854166666666667
1380,742058749616066000,1378,0,this is what ' s wrong with america . we do not need more gun laws we need better citizens . <repeated> <url>,paulyswalnuts,0.333333333,0,not need more gun laws we need better citizens,7,0.333333333,0,not need more gun laws we need better citizens,9,2,0,not need more gun laws we need better citizens,11,0,0,gun laws we need,3,2,0,not need more gun laws we need better citizens,9.0,2,0,we do not,3.0,2,0,this,2.0,0,0.3854166666666667
1426,746359691593277000,1423,0,i love how people want gun control but then they do not realize that the people who actually use guns make sure they use them safely,NadolnyHayley,0.5,0,use,2,0.375,0,who actually use guns make sure they use them,17,2,0,who actually use guns make sure they use them,18,0,0,they use them,4,2,0,start,2.0,2,0,i,2.083333333,2,0,i,2.0,0,0.3854166666666667
1469,738700903335755000,1465,0,<user> <user> gun control is what controls government .,56TerryL,0.541666667,0,<user> <user> gun control is what controls government,6,0.5,0,<user> <user> gun control is what controls government,7,3,0,<user> gun control is what controls government,5,0,0,government,2,2,0,group backs hillary clinton and pledges help with primary,5.0,1,0,group backs hillary clinton and pledges help with primary,7.0,2,0,<user>,2.0,0,0.3854166666666667
1536,780531443118190000,1532,0,"gun control . yes , it ' s that stupid . <hashtag> 2 a </hashtag> <hashtag> second amendment </hashtag> <hashtag> maga </hashtag> <hashtag> trump pence 16 </hashtag> <hashtag> trump train </hashtag> <hashtag> protect the second </hashtag> <url>",AlyssaTeamTrump,0.229166667,0,stupid,2,0.541666667,0,gun control,2,3,0,gun control,2,0,1,trump pence 16 </hashtag>,10,2,0,how about criminal control,12.0,2,1,gun,2.0,2,0,gun,2.0,0,0.3854166666666667
1543,742520355449757000,1539,0,<user> <user> <user> <user> a gun ban is a form of gun control on top of being completely useless,Jrakes3,0.291666667,0,form of gun control on top of being completely,13,0.270833333,0,form of gun control on top of being completely,9,2,0,form of gun control on top of being completely,9,0,0,top of being completely,4,1,0,<user> <user> <user> <user> if they,5.0,3,0,<user> <user> if they put half as,5.0,2,0,<user>,2.0,0,0.3854166666666667
1560,745975795756077000,1556,0,"in the wake of the bangladesh tragedy , the democrats are pushing gun control even harder !",Macroshock,0.541666667,0,the democrats are pushing gun control even harder,8,0.458333333,0,the democrats are pushing gun control even harder,8,2,0,the democrats are pushing gun control even harder,7,0,0,the democrats are pushing gun control even harder,6,2,0,in the wake of orlando,4.0,2,0,in,2.0,2,0,in,2.0,0,0.3854166666666667
1567,743279837452763000,1563,0,"<user> other countries do not have the second amendment . either way , the gun is not what caused this evil .",ShayneAlbertson,0.375,0,not what caused this,6,0.354166667,0,the gun is not what caused this evil,11,2,0,<user> other countries do not have the second amendment,19,0,0,amendment,2,2,0,<user> open,2.0,0,0,your,2.0,2,0,<user>,2.0,0,0.3854166666666667
1629,817681936953049000,1626,0,"trump supporter <allcaps> and </allcaps> a muslim , for gun control and mental health care ? get the heck out of here ! <allcaps> the most </allcaps> idiotic statement , ever ! <url>",c_peavy1,0.104166667,0,for gun control and mental health care,10,0.541666667,0,for gun control and mental health care,7,2,0,for gun control and mental health care,13,0,0,idiotic,2,2,0,for gun control and mental health care,22.0,2,0,trump supporter,2.0,2,0,trump,2.0,0,0.3854166666666667
1665,742388847682703000,1662,0,<user> gun control is the real issue if more citizens controlled more guns these terrorists attacks would not be an issue .,mt1wolf,0.4375,0,guns these terrorists attacks would not be an issue,8,0.479166667,0,guns these terrorists attacks would not be an issue,19,3,0,guns these terrorists attacks would not be an issue,7,0,0,citizens controlled,2,2,0,both things should be banned,5.0,2,1,gun,2.0,2,0,<user>,2.0,0,0.3854166666666667
1672,743606236118032000,1669,0,<user> no on gun control . even <allcaps> more no </allcaps> on commonsense missing from politics and millenials . <hashtag> so i ali sm is bad </hashtag> <hashtag> move to china </hashtag>,celtic_craig,0.145833333,0,gun,2,0.479166667,1,no </allcaps> on commonsense missing from politics and millenials,12,2,1,no </allcaps> on commonsense missing from politics and millenials,12,0,0,commonsense missing,2,2,0,new gun laws period or you will lose in,6.0,1,1,<user> no new gun laws period or,5.0,2,0,<user>,2.0,0,0.3854166666666667
1693,742055329979109000,1690,0,"gun control how about prescription drugs read the side effects , no one cares if it makes people go in sane . <hashtag> nra </hashtag> , <user> <user>",allaricks,0.375,0,control how about prescription drugs read the side effects,8,0.375,0,control how about prescription drugs read the side effects,9,2,0,one cares if it makes people go in sane,18,0,0,nra,2,2,0,for law abiding citizens to arm themselves out of,15.0,2,0,gun,2.0,2,0,gun,2.0,0,0.3854166666666667
1716,748320788537716000,1713,0,why is obama not asking for gun controls in istanbul . is it because muslims are the ones pulling the triggers .,wppeterson,0.145833333,0,it because muslims are the ones pulling the triggers,14,0.270833333,0,is obama not asking for gun controls in istanbul,9,2,0,it because muslims are the ones pulling the triggers,11,0,0,asking,2,2,0,it because muslims are the ones pulling the triggers,12.0,0,1,is obama not asking for gun controls in istanbul,7.0,0,0,it because muslims are the ones pulling the triggers,10.0,0,0.3854166666666667
1745,760670952531304000,1742,0,<user> gun violence is the problem !,AMERICANMUSL1M,0.3125,0,problem,2,0.375,0,<user> gun violence is the problem,5,2,0,<user> gun violence is the problem,6,0,0,<user> gun violence is the,4,2,0,holder ‚Äô s ‚Äò fast and furious ‚Äô operation,5.0,2,1,holder,2.0,2,0,<user>,2.0,0,0.3854166666666667
1747,751626243250892000,1744,0,<user> the fact that you are saying strict gun laws help gun violence shows how ignorant you are . how ' s chicago and california doing ?,ericmain30,0.229166667,0,laws help gun violence shows how ignorant you are,14,0.395833333,0,laws help gun violence shows how ignorant you are,14,2,0,laws help gun violence shows how ignorant you are,14,0,0,saying strict gun laws help gun violence shows how,7,0,1,the dysfunction of congress failing to act on gun,8.0,0,1,congress failing,2.0,2,1,<user>,2.0,0,0.3854166666666667
1751,758513175113310000,1748,0,<user> this country does not have a gun control problem . it has a terrorist control problem . <hashtag> tcot </hashtag>,nbabhii,0.333333333,0,this country does not have a gun control problem,11,0.375,0,this country does not have a gun control problem,9,2,0,this country does not have a gun control problem,17,0,0,tcot,2,2,0,<user> this alaskan is sick of gun violence,5.0,0,1,<user> this alaskan is sick of gun violence,6.0,0,0,<user> this alaskan is sick of gun violence,15.0,0,0.3854166666666667
1755,742701445502402000,1752,0,<user> john mccain is isis gun runner,bobbarber17,0.395833333,0,<user> john mccain is isis gun,6,0.375,0,<user> john mccain is isis gun,6,2,0,<user> john mccain is isis gun,6,0,0,mccain is isis gun,3,1,0,rip christina </hashtag>,6.0,1,1,<user> its time we take gun control seriously,6.0,2,0,<user>,2.0,0,0.3854166666666667
1772,742774097013288000,1768,0,"the following all suck : religious death cults , homophobes , the gun lobby , mass murders , politicalization of human tragedy , etc .",kvnbyly,0.229166667,0,the gun lobby,6,0.333333333,0,the gun lobby,10,2,0,politicalization of human tragedy,13,0,0,religious death cults,3,2,0,etc,3.0,2,0,the,3.306122449,1,1,politicalization of human tragedy,16.0,0,0.3854166666666667
1863,758868093934284000,1859,0,"can not stand how immediately after a shooting , people want to talk about gun control . can we focus on the people that died for one day ?",ColinRMinor,0.270833333,0,can not stand how immediately after a shooting,7,0.354166667,0,can not stand how immediately after a shooting,9,3,1,focus on the people that died for one day,19,0,1,can not stand how immediately after a shooting,6,2,0,<allcaps>,2.3,2,0,speech,2.0,2,0,can,2.0,0,0.3854166666666667
1867,743213036098428000,1863,0,"<user> <user> but , the gun is not doing the violence . <repeated> it ' s the human committing the act . the gun is merely the tool .",EliQRoberts,0.541666667,0,the gun is merely the tool,9,0.5,0,the gun is not doing the violence,10,2,0,the gun is not doing the violence,9,0,0,committing,2,2,0,<user> <user>,2.28125,2,0,blaming,2.0,2,0,<user>,2.0,0,0.3854166666666667
1892,780598367172763000,1888,0,"<user> scrap gun regulation affecting people with mental disorders this falls in the realm of "" dumb deals "" . <repeated> you gotta be kidding !",isundar,0.125,0,regulation affecting people with mental disorders this falls in,13,0.354166667,0,regulation affecting people with mental disorders this falls in,10,2,0,with mental disorders this falls in the realm of,15,0,0,<user> scrap gun regulation affecting,4,2,0,<user> sandy,2.0,2,1,sandy,2.0,2,0,<user>,2.0,0,0.3854166666666667
1930,787836057794572000,1926,0,<allcaps> undercover video </allcaps> : senator admits hillary will issue gun control executive order <url>,Letabug260,0.520833333,0,senator admits hillary will issue gun control executive order,8,0.520833333,0,senator admits hillary will issue gun control executive order,13,2,0,senator admits hillary will issue gun control executive order,13,0,0,senator admits hillary will issue gun control executive order,6,2,0,senator admits hillary will issue gun control executive order,9.0,2,0,admits hillary will issue gun,4.0,2,0,<allcaps>,2.0,0,0.3854166666666667
1937,744362964828905000,1933,0,<user> <user> another stage for him to push gun control . <repeated> since a gun walked in and started shooting,Debo_3755,0.354166667,0,<user> another stage for him to push gun control,17,0.354166667,0,<user> another stage for him to push gun control,14,2,0,<repeated> since a gun walked in and started,9,0,0,<user> another stage for him to push gun control,7,2,0,and in a city thats a gun free zone,12.0,2,0,thats a,2.0,2,0,<user>,2.0,0,0.3854166666666667
1957,749816965531828000,1953,0,"this is serious people ! "" gunpocalypse "" gun control laws in california are here ! <url> via <user>",prowler16,0.354166667,0,gun control laws in california,7,0.270833333,0,gun control laws in california are here,8,2,0,gun control laws in california are here,14,0,0,control laws,2,2,0,gun control laws in california are here,7.0,2,0,this,2.0,2,0,this,2.0,0,0.3854166666666667
1977,750809137311866000,1973,0,<user> im sure criminals will drop there guns just cuz matt damon spoke ? what a joke ! look @ ca or chi & tell me gun laws work <hashtag> idiot </hashtag>,swingnhammer35,0.104166667,0,will drop there guns just cuz matt damon spoke,15,0.395833333,0,will drop there guns just cuz matt damon spoke,20,2,0,will drop there guns just cuz matt damon spoke,16,0,0,gun laws work,6,2,0,<user> im,3.0,2,0,you,2.0,2,0,<user>,2.0,0,0.3854166666666667
1982,804397484659314000,1978,0,<user> will you allow gun violence research ? pl ask speaker what he is afraid of,alokchak,0.354166667,0,will you allow gun violence research,6,0.4375,0,pl ask speaker what he is afraid,11,1,0,allow gun,2,0,1,<user> will you allow,2,2,0,there to stop,5.0,2,1,you,2.0,0,0,a gun was there to stop the muslim extremist,7.0,0,0.3854166666666667
2016,742097280958746000,2012,0,<user> this stuff never happens anywhere else ! the countries that have gun control do not have mass shooting ! he used a ghost gun !,DustyBoll,0.333333333,0,that have gun control do not have mass shooting,19,0.333333333,0,that have gun control do not have mass shooting,11,2,0,that have gun control do not have mass shooting,10,0,0,mass shooting,2,2,0,please,2.111111111,1,1,is your chance to lead with a comprehensive gun,7.0,2,0,<user>,2.0,0,0.3854166666666667
2044,816084327897460000,2039,0,<user> sure . but the gun didn ‚Äô t murder them . inanimate objects can ‚Äô t make decisions .,Jreed1235,0.5,0,but the gun didn ‚Äô t murder them,7,0.4375,0,but the gun didn ‚Äô t murder them,7,2,0,but the gun didn ‚Äô t murder them,10,0,0,murder,2,2,0,<user>,2.102272727,2,1,stupid gun laws,3.0,2,0,<user>,2.0,0,0.3854166666666667
2052,751357001121329000,2047,0,<user> <user> those strict gun laws are quite effective ? <repeated> <hashtag> it s the people not the weapon </hashtag>,RMChiusa,0.479166667,0,<user> <user> those strict gun laws are quite effective,9,0.4375,0,<user> <user> those strict gun laws are quite effective,8,2,0,<user> <user> those strict gun laws are quite effective,8,0,0,those strict gun laws are quite,5,2,0,congrats,2.0,0,1,congrats refused to hold a vote on gun,12.0,2,0,<user>,2.0,0,0.3854166666666667
2085,780886030362763000,2080,0,"california governor signs stringent gun bills , vetoes others <url> what a fuck wad",NTXDuckhunts,0.125,0,vetoes others <url> what a fuck,12,0.4375,0,california governor signs stringent gun bills,8,2,0,vetoes others <url> what a fuck,10,0,0,california governor signs stringent gun bills,5,2,0,jewelry made from remnants of gun violence,12.0,2,0,caliber,2.0,2,0,caliber,2.0,0,0.3854166666666667
2115,750487288946126000,2110,0,but . <repeated> but germany has strict gun laws how could this possibly happen ? ! <repeated> ( sarcasm ),zach_ruppert,0.4375,0,has strict gun laws how could this possibly happen,8,0.354166667,0,strict gun laws how could this,5,2,0,has strict gun laws how could this possibly happen,6,0,0,strict gun laws how,4,2,0,<number> rifle ‚Äò blamed ‚Äô for deadly mass shootings,15.0,2,1,brothers,2.0,2,0,brothers,2.0,0,0.3854166666666667
2122,810593994283614000,2117,0,replacing the real gun with üî´ caused chicago ' s murder rate to skyrocket <hashtag> 2 a </hashtag> <hashtag> fake emoji facts </hashtag> <hashtag> gun control </hashtag> <hashtag> molon labe </hashtag> <hashtag> gun control </hashtag> <hashtag> gun vote </hashtag> <hashtag> maga </hashtag>,Am3ricafuckyeah,0.291666667,0,replacing the real gun with üî´ caused chicago,12,0.375,0,replacing the real gun with üî´ caused chicago,14,2,0,replacing the real gun with üî´ caused chicago,13,0,0,maga,2,2,0,gun vote </hashtag>,6.0,2,0,replacing,2.0,2,0,replacing,2.0,0,0.3854166666666667
2131,747955208672710000,2126,0,where ' s that senile old shithead clyburn ? shouldnt he be lecturing turkey about gun control ? <user> <user> <user>,patricktfran,0.0625,0,shouldnt he be lecturing turkey about gun control,12,0.416666667,0,shouldnt he be lecturing turkey about gun control,12,2,0,shouldnt he be lecturing turkey about gun control,10,0,0,senile old shithead clyburn,4,2,0,shouldnt he be lecturing turkey about gun control,15.0,0,1,shouldnt he be lecturing turkey about gun control,10.0,2,0,where,2.0,0,0.3854166666666667
2144,780584872741974000,2139,0,moving to a different state just to get my concealed carry permit is almost becoming a option right now . fuck these md gun laws,jmorgan496,0.1875,0,carry permit is almost becoming a option right now,13,0.4375,0,carry permit is almost becoming a option right now,11,2,0,carry permit is almost becoming a option right now,18,0,0,get my concealed carry permit,7,2,0,gun control would have no effect on on this,7.0,2,0,most,2.0,2,0,most,2.0,0,0.3854166666666667
2146,752537546068930000,2141,0,<user> <user> <user> his end game in like all gun controllers not gun control but people control,DannyRayfogg,0.416666667,0,controllers not gun control,3,0.354166667,0,like all gun controllers not gun control but people,9,2,0,like all gun controllers not gun control but people,9,0,0,like all gun controllers not gun control but people,6,2,0,people speak up about gun control they get bullied,10.0,2,1,he is,2.0,2,0,<user>,2.0,0,0.3854166666666667
2159,764296822349258000,2153,0,why does not gun control work ? by tom kehoe <url>,jonwolinsky,0.541666667,0,why does not gun control work,6,0.270833333,0,why does not gun control work,6,3,0,why does not gun control work,9,0,0,why does,3,2,0,why does not gun control work,9.0,2,0,why,2.0,2,0,why,2.0,0,0.3854166666666667
2175,825915796912275000,2169,0,<user> <user> <user> <user> gun control will not stop people from killing people ! stop with the gun control,MarkDes813,0.3125,0,not stop,3,0.458333333,0,<user> <user> <user> <user> gun do not kill people,14,2,0,<user> <user> <user> <user> gun do not kill people,16,0,0,gun control will not stop people from killing,7,2,0,<user> <user> <user> <user>,4.0,2,1,worry,2.0,2,0,<user>,2.0,0,0.3854166666666667
2181,742588554098790000,2175,0,"<user> you realize this was not an act of gun violence , right ? unless you are calling what the officer did a senseless act ? liberal logic !",Mark_IDLife3,0.291666667,0,realize this was not an act of gun,5,0.5,0,unless you are calling what the,11,2,0,are calling what the officer did a senseless act,12,0,0,senseless act,2,2,0,<user> you,2.142857143,2,0,you,2.0,2,0,<user>,2.0,0,0.3854166666666667
2210,742059660895719000,2203,0,what more gun laws do you want ? he was a known <allcaps> isis </allcaps> sympathizer on a government watch list and they gave him a gun license & security job .,castfromheaven,0.395833333,0,watch list and they gave him a gun license,18,0.354166667,0,what more gun laws do you,8,2,0,what more gun laws do you want,12,0,0,laws,2,2,0,job,2.0,2,1,more,2.0,0,0,watch list and they gave him a gun license,19.0,0,0.3854166666666667
2213,757592034454700000,2206,0,"<user> anti terrorist train everyone , comes with psych eval and proper gun handling and maybe some lotion for his sore gun offender ass",TerryUpdike,0.104166667,0,and maybe some lotion for his sore gun offender,23,0.4375,0,and maybe some lotion for his sore gun offender,17,2,0,and maybe some lotion for his sore gun offender,17,0,0,eval and proper gun,4,2,1,help id,2.0,2,1,another,2.0,0,0,s inhumane to make people defenseless against evil,19.0,0,0.3854166666666667
2214,743907488022437000,2207,0,<user> war on terror ? down . obama care ? failure . second amendment rights ? down . taxes ? up . i do not know if u would say thanks .,NickeyNickKane,0.041666667,0,<user> war on terror,15,0.5,0,<user> war on terror,7,2,0,<user> war on terror,14,0,0,amendment rights,2,1,0,<user> want to keep your seat in the senate,7.0,1,1,<user> want to keep your seat in the senate,13.0,2,0,<user>,2.0,0,0.3854166666666667
2217,745097797230157000,2210,0,strict gun control works great in chicago eehh dems <url>,BuildingUSADon,0.520833333,0,strict gun control works great in chicago eehh dems,8,0.333333333,0,strict gun control works great in chicago eehh dems,9,2,0,strict gun control works great in chicago eehh dems,9,0,0,eehh dems,3,2,0,strict gun control works great in chicago eehh dems,7.0,2,0,dems,2.333333333,2,0,strict,2.0,0,0.3854166666666667
2265,746290274217910000,2259,0,"this is why i will never take the democrats , or anyone serious on gun control . here is a perfect example as to . <repeated> <url>",Mark_IDLife3,0.291666667,0,example,2,0.5625,1,this is why i will never take the democrats,13,1,0,gun,2,0,1,democrats,2,2,0,this is why i will never take the democrats,19.0,2,0,anyone,2.0,2,0,this,2.0,0,0.3854166666666667
2294,743471532601573000,2289,0,gun violence in u.s. cities compared to the deadliest nations in the world <url>,susanallenlaw,0.4375,0,compared to the deadliest nations in the,6,0.354166667,0,gun violence in u.s. cities compared to,6,2,1,cities compared to the deadliest nations in the world,11,0,0,gun violence,2,1,0,<repeated> <allcaps> now </allcaps>,5.0,2,0,gun,2.0,0,0,epidemic that needs to be addressed <allcaps> immediately </allcaps>,21.0,0,0.3854166666666667
2321,742880536733966000,2316,0,"<user> you do not support gun control , how do you propose to stop these twisted mass murders ! <repeated>",starbabu1299,0.25,0,do you propose to stop these twisted mass murders,7,0.4375,0,do you propose to stop these twisted mass murders,18,2,0,do you propose to stop these twisted mass murders,13,0,0,twisted mass murders,3,2,0,<user> you could,3.0,2,0,</allcaps> calls for gun control,5.0,2,0,<user>,2.0,0,0.3854166666666667
2332,742126755562033000,2326,0,<user> why not teach gun safety in school if you are worried about kids . if you are truly care about gun safety teach kids at young age .,421sdChris,0.541666667,0,safety in school if you are worried about kids,10,0.5625,0,care about gun safety teach kids at young age,21,1,0,gun safety,3,0,0,teach,2,1,0,what makes us,4.0,2,0,<user> why is,3.0,2,0,<user>,2.0,0,0.3854166666666667
2338,743542835933216000,2332,0,<user> the second amendment has nothing to do with muskets or hunting . its about giving the citizens a mean of <user>,KEVIN_639,0.479166667,0,the second amendment has,4,0.520833333,0,amendment has nothing to do with muskets or hunting,7,1,0,amendment has nothing to do with muskets or hunting,6,0,0,citizens,2,2,0,cliff to be perched,3.0,2,0,<user>,2.042105263,2,0,<user>,2.0,0,0.3854166666666667
2345,763712806441058000,2339,0,"<user> you mean like the weak gun laws in paris and brussels ? those gun laws there sure helped , why not more gun free zones ?",DannyRayfogg,0.375,0,like the weak gun laws in paris and brussels,9,0.375,0,like the weak gun laws in paris and brussels,21,2,0,like the weak gun laws in paris and brussels,23,0,0,weak gun laws,3,2,0,<user> you,2.142857143,0,1,tape on trump about hillary and the second amendment,10.0,2,0,<user>,2.0,0,0.3854166666666667
2354,816436951993712000,2349,0,<user> this is being portrayed as a gun control issue . it was an act of terrorism towards the <allcaps> lgbt </allcaps> community,frandreola,0.3125,0,this is being portrayed as a gun control issue,9,0.4375,0,gun control issue,5,2,0,an act of terrorism towards the <allcaps> lgbt </allcaps>,18,0,0,terrorism,2,2,1,moronic,4.0,2,0,this,2.0,2,0,<user>,2.0,0,0.3854166666666667
2365,748514144832393000,2360,0,"any gun is an assault weapon if you attack someone with it . but the same weapon can be a defense weapon , as well . <url>",StevenSlikkers,0.520833333,0,but the same weapon can be a defense weapon,18,0.395833333,0,an assault weapon if you attack someone with it,11,1,0,an assault weapon if you attack someone with it,11,0,0,assault,2,2,0,air force,4.0,2,0,another,2.0,2,0,another,2.0,0,0.3854166666666667
2377,751599927046901000,2373,0,it ' s not about gun control or about a hate crime ! <repeated> its radical islam terror ! <repeated> wake up stupid people ! <repeated>,maryriggi,0.104166667,0,not about gun control or about a hate crime,12,0.416666667,0,not about gun control or about a hate crime,7,2,0,not about gun control or about a hate crime,17,0,0,radical islam terror,2,2,0,but anybody else they go wild on gun control,9.0,2,1,it,2.0,2,0,it,2.0,0,0.3854166666666667
2392,743924336583671000,2389,0,by using real data how would gun bans or gun control prevent an <hashtag> orlando shooting </hashtag> specifically ? <user> <user> <user> <user>,realbrianhook,0.520833333,0,how would gun bans or gun control prevent an,14,0.5625,0,how would gun bans or gun control prevent an,9,3,0,how would gun bans or gun control prevent an,8,0,0,data how would gun bans or gun control prevent,6,2,0,<user> <user>,2.28125,2,1,how would gun bans or gun control prevent an,7.0,2,0,by,2.0,0,0.3854166666666667
2400,779468450418810000,2397,0,"<user> <user> <user> <user> if someone wants to kill they will no "" measures "" will stop them . <repeated> def not gun control",youngg4ever,0.354166667,0,<user> if someone wants to kill they will no,11,0.458333333,0,if you knew anything about our gun laws you,10,2,0,<user> if someone wants to kill they will no,18,0,0,kill they,2,2,0,<user> <user> <user> <user> gun do not,6.0,0,1,<user> <user> <user> gun do not kill people,12.0,2,0,<user>,2.0,0,0.3854166666666667
2406,746161986732429000,2413,0,we have <allcaps> bigger </allcaps> issues in this country than gun control . <url>,pastore7,0.458333333,0,bigger </allcaps> issues in this country than gun control,7,0.4375,0,this country than gun control,4,1,0,gun,2,0,0,than gun,2,1,0,<allcaps> bigger </allcaps>,3.0,2,0,we,2.0,2,0,we,2.0,0,0.3854166666666667
2409,745656567509319000,2405,0,<user> france has the strictest gun laws and radical islamist terrorist killed hundreds w guns & rpgs were found . we are not buying it ! <repeated>,DanyGelyana,0.208333333,0,laws and radical islamist terrorist killed hundreds w guns,10,0.3125,0,laws and radical islamist terrorist killed hundreds w guns,10,2,0,laws and radical islamist terrorist killed hundreds w guns,11,0,0,strictest gun laws and radical islamist terrorist killed hundreds,6,1,0,keep it up,6.0,1,0,<repeated> you have my support for the sit,6.0,2,0,<user>,2.0,0,0.3854166666666667
2413,803620543282835000,2409,0,<user> um if your smart enough to understand guns do not kill people . people kill people -.- . not supporting gun violence in any way .,DarkSage77,0.354166667,0,smart enough to understand guns do not kill people,12,0.5,0,smart enough to understand guns do not kill people,18,2,1,smart enough to understand guns do not kill people,6,0,1,supporting,2,2,0,</allcaps> saved lives cuz a good guy had one,6.0,2,0,<user>,2.042105263,2,0,<user>,2.0,0,0.3854166666666667
2426,742080585225654000,2423,0,this is not a homophobic or gun control issue . this is an issue of people like the orlando shooter who want to murder <allcaps> all </allcaps> americans . <repeated>,zach_ruppert,0.291666667,0,this is not a homophobic or gun control issue,13,0.458333333,1,shooter who want to murder <allcaps> all </allcaps> americans,13,2,0,shooter who want to murder <allcaps> all </allcaps> americans,24,0,0,homophobic or,4,1,0,<allcaps> all </allcaps> americans,4.0,2,0,this is,2.0,2,0,this,2.0,0,0.3854166666666667
2462,742004474689032000,2459,0,<user> <user> and there ' s always going to be gun violence no matter what you do .,majorr66,0.395833333,0,gun,2,0.270833333,0,to be gun violence no matter what you do,8,2,0,to be gun violence no matter what you do,7,0,0,violence,2,2,0,we do not need stricter gun laws,12.0,0,1,we do not need stricter gun laws,7.0,2,0,<user>,2.0,0,0.3854166666666667
2481,803750799478235000,2479,0,"<user> the black "" victim "" had a gun ( video evidence ) and refused to give up . <repeated> btw the cop that shot him is a black officer !",anthonymcng,0.3125,0,the cop that shot him is a black officer,12,0.458333333,0,video evidence,3,2,0,the cop that shot him is a black officer,16,0,0,refused,2,0,1,maybe add it to treason,5.0,0,1,<user> the 2 nd amendment states,14.0,2,0,<user>,2.0,0,0.3854166666666667
2514,743622997773193000,2512,0,second amendment freedom did not cause the tragedy in orlando . an evil act did . disarming america will not solve terrorism,JohnKensinger,0.416666667,0,amendment freedom did not cause the tragedy in orlando,16,0.3125,0,amendment freedom did not cause the tragedy in orlando,15,2,0,amendment freedom did not cause the tragedy in orlando,18,0,0,not solve,6,3,0,an evil act did,7.0,2,0,second,2.0,0,0,disarming america will not solve,7.0,0,0.3854166666666667
2539,745279018350555000,2539,0,"<user> <user> <user> <user> gun do not kill people , people kill people because gun cannot trigger itself",603_401,0.5,0,<user> <user> <user> gun do not kill people,15,0.5,0,gun control will not stop people from killing people,13,2,0,gun control will not stop people from killing people,6,0,0,gun cannot trigger,3,2,0,<user> <user> <user> <user> extremely wishful thinking,6.0,2,1,<user> <user> <user> <user>,3.0,2,0,<user>,2.0,0,0.3854166666666667
2554,824697617749667000,2554,0,"<user> <user> a larger topic for this election , gun violence in the us . this is out of control along with terrorism .",comon_cents,0.3125,0,a larger topic,3,0.270833333,0,gun violence,2,2,0,this is out of control along with terrorism,12,0,1,terrorism,2,2,0,<user> <user> <user> yet they,5.0,0,1,<user> yet they have the <allcaps> toughest,5.0,2,0,<user>,2.0,0,0.3854166666666667
2574,791142837417086000,2574,0,<user> if you read actor alfred molina ‚Äô s ramblings about guncontrol you ‚Äô d know why liberal hollywood never ceases to disappoint me .,Coolman050,0.1875,0,know why liberal hollywood never ceases to disappoint me,8,0.291666667,0,know why liberal hollywood never ceases to disappoint me,13,2,0,know why liberal hollywood never ceases to disappoint me,14,0,0,liberal,2,2,0,<user> if,2.3,2,1,<user> if you do not like are gun laws,7.0,2,0,<user>,2.0,0,0.3854166666666667
2597,811410251538923000,2598,0,<user> you probably think all those countries need more gun control . that will stop them .,zachbomberger,0.479166667,0,probably think,2,0.4375,0,probably think all those countries need more gun control,9,2,0,probably think all those countries need more gun control,9,0,0,countries need,2,1,0,thanks for,3.0,2,1,thanks for standing up for our second amendment right,16.0,2,0,<user>,2.0,0,0.3854166666666667
2610,751822614054723000,2611,0,"<user> what we need is democrat control , not more gun confiscations .",fishone7,0.4375,0,not more gun confiscations,5,0.458333333,0,<user> what we need is democrat control,11,1,0,gun,2,0,0,democrat,2,2,0,gun control your way besides stand at a podium,7.0,0,1,you,2.0,2,0,<user>,2.0,0,0.3854166666666667
2653,805827917473316000,2653,0,is it time to request gun control for istanbul or should we be requesting muslim control for the rest of the world ?,wppeterson,0.354166667,0,we be requesting muslim control for,5,0.541666667,0,request gun control for istanbul or should we,9,2,0,requesting muslim control for the rest of the world,13,0,0,requesting,2,2,0,have a second amendment right to own them </allcaps>,10.0,0,1,<allcaps> you cant take my guns </allcaps>,14.0,2,0,irony,2.0,0,0.3854166666666667
2660,743799027053928000,2660,0,"from the city with the strongest gun control laws ! - <number> killed , <number> wounded in father ' s day weekend shootings <url> <hashtag> 2 a </hashtag>",mrwashout,0.333333333,0,from the city with the strongest gun control laws,13,0.3125,0,with the strongest gun control laws,6,2,0,from the city with the strongest gun control laws,20,0,0,strongest gun control laws,3,2,0,it </hashtag>,3.0,2,0,from,2.0,2,0,from,2.0,0,0.3854166666666667
2686,780586520285634000,2685,0,""" common sense gun safety "" - hillaryit ' s called , do not shoot people . seems pretty straightforward . <hashtag> debates </hashtag>",savagestreetrat,0.458333333,0,do not shoot people,8,0.5,0,do not shoot people,5,1,0,common sense gun safety,5,0,1,common sense,3,2,0,do not shoot people,16.0,0,1,debates,2.0,2,0,do not shoot people,25.0,0,0.3854166666666667
2722,803408798689824000,2721,0,<user> uh <elongated> it was a knife and car . the <allcaps> gun </allcaps> saved lives cuz a good guy had one !,Moondog3424,0.416666667,0,</allcaps> saved lives cuz a good guy had,9,0.458333333,0,gun </allcaps> saved lives cuz a,7,1,0,gun </allcaps> saved lives cuz a good,6,0,0,saved lives,2,2,0,<user>,2.102272727,2,0,liberal,2.0,0,0,islamic terrorist attack </allcaps> with a car and machete,10.0,0,0.3854166666666667
2814,751408423388917000,2813,0,"gun control is not the issue , terrorism is ! <repeated> we need a new president now who tackle terrorism . this government is soft on <allcaps> isis </allcaps> .",dormier801,0.229166667,0,gun control is not the issue,8,0.375,0,gun control is not the issue,5,3,0,gun control is not,3,0,0,isis,2,1,0,god bless america </hashtag>,5.0,2,0,gun,2.0,1,1,god bless america </hashtag>,8.0,0,0.3854166666666667
2830,745077076894453000,2828,0,"<user> do not need gun control , we need idiot control",blowme2times,0.375,0,do not need gun control,7,0.5,0,<user> do not need gun control,9,2,0,<user> do not need gun control,10,0,0,<user> do not need gun control,4,2,0,we need to end gun,7.0,1,1,we need to end gun violence now,10.0,2,0,<user>,2.0,0,0.3854166666666667
2835,744783165877682000,2834,0,"gun control laws are about as meaningful as a shit flavored lollipop . it takes a lost individual to cause harm , not the weapon itself .",JaredTomjack,0.083333333,0,are about as meaningful as a shit flavored lollipop,20,0.541666667,0,are about as meaningful as a shit flavored lollipop,15,2,0,are about as meaningful as a shit flavored lollipop,12,0,0,control laws,2,2,0,gun control laws and work,4.0,2,1,gun,2.0,2,0,gun,2.0,0,0.3854166666666667
2861,742476654103166000,2859,0,"if after this terrorist attack , perpetrated by another radical islamist , you are still focused on gun control then you are truly lost <hashtag> tcot </hashtag>",RyanSmith_OC,0.145833333,0,you are still focused on gun control then you,19,0.395833333,0,focused on gun control then you are truly lost,18,2,0,focused on gun control then you are truly lost,10,0,0,tcot,2,2,0,fix,2.0,2,0,if,2.0,2,0,if,2.0,0,0.3854166666666667
2866,770776328383627000,2864,0,<user> push harder to stop the gun band they are going to push trough you can not stop the war but you can determine how it comes .,mt1wolf,0.395833333,0,are going to push trough you can not stop,15,0.520833333,0,not stop the war but you can determine how,23,3,0,can not stop the war but you can determine,17,0,0,<user> push harder,3,2,0,wake up america,3.0,2,0,pulls,2.0,2,0,<user>,2.0,0,0.3854166666666667
2883,762809055446495000,2883,0,<user> hillary clinton takes away the second amendment it will start a war in the united states and that will be fact,Firetrip69Sw,0.354166667,0,takes away the second amendment it will start a,9,0.458333333,0,away the second amendment it will start a war,10,2,0,clinton takes away the second amendment it will start,11,0,0,hillary clinton,2,2,0,<user> hey is,4.0,2,0,hey is,2.0,2,0,<user>,2.0,0,0.3854166666666667
2909,759161305286610000,2907,0,"<user> no with gun control , the officer who shot would not have had a gun and more people would have got stabbed ? you can not b serious",LiberalsEatAss,0.125,0,who shot would not have had a gun and,14,0.4375,0,a gun and more people would have got stabbed,25,3,0,a gun and more people would have got stabbed,13,0,0,<user> no,3,1,0,<percent>,2.2,2,0,no,2.0,2,0,<user>,2.0,0,0.3854166666666667
2943,742398429997961000,2943,0,<user> your an idiot ! ar - <number> did not kill anyone ! islamic terrorist did . france has some of the most strict gun control did not help them,davidmgfic,0.0,0,of the most strict gun control did not help,24,0.395833333,0,of the most strict gun control did not help,17,2,0,of the most strict gun control did not help,10,0,0,strict,2,2,0,of jihad by accident,6.0,2,1,you,2.0,0,0,jihad by accident,4.0,0,0.3854166666666667
2958,777251838089424000,2959,0,jeh johnson says gun control now matter of homeland security . <repeated> orlando terrorist worked for <allcaps> dhs </allcaps> <url> what ? <repeated> fed employee ?,JimSpencer7,0.375,0,orlando terrorist worked for <allcaps> dhs </allcaps> <url> what,18,0.375,0,orlando terrorist worked for <allcaps> dhs </allcaps> <url> what,19,2,0,orlando terrorist worked for <allcaps> dhs </allcaps> <url> what,21,0,0,jeh,2,2,0,nfl </hashtag>,4.0,2,0,its,2.0,2,0,its,2.0,0,0.3854166666666667
2985,828945132959449000,2986,0,<user> not to mention no gun control law would have stopped the orlando shooting . taking guns away solves nothing .,claysmith48,0.270833333,0,gun control law would have stopped the orlando shooting,8,0.333333333,0,gun control law would have stopped the orlando shooting,18,2,0,gun control law would have stopped the orlando shooting,12,0,0,taking guns,3,2,0,<user>,2.102272727,2,1,not,2.25,2,0,<user>,2.0,0,0.3854166666666667
2990,743241499949830000,2991,0,"it ' s not the gun laws , it ' s the damn terrorists <user> is allowing into our country <hashtag> people kill people </hashtag>",HutchersonMolly,0.083333333,0,the damn terrorists <user> is allowing into our country,17,0.416666667,0,damn terrorists <user> is allowing into,7,2,0,the damn terrorists <user> is allowing into our country,13,0,0,allowing,2,1,0,gun control issue,3.0,1,1,senate democrats are forcing the gun control,13.0,2,0,it,2.0,0,0.3854166666666667
3018,744223642469294000,3019,0,<user> chicago strictest gun laws in the county & <number> killed . sounds like a failed democratic policy .,PaulHouse1,0.166666667,0,<user> chicago strictest gun laws in the county,13,0.291666667,0,<user> chicago strictest gun laws in the county,10,2,0,<user> chicago strictest gun laws in the county,19,0,0,chicago strictest gun laws in,7,2,0,<user>,2.102272727,2,0,chicago good,2.0,2,0,<user>,2.0,0,0.3854166666666667
3061,742041877789200000,3062,0,"<user> the problem is violence , not gun violence . until higher moral standards are shared and even demanded , the problem will continue to grow",Kedoaj,0.479166667,0,higher moral standards are,9,0.333333333,0,until higher moral standards are,13,2,1,until higher moral standards are shared and even demanded,14,0,1,until higher moral standards are shared and even demanded,7,2,0,<user>,2.102272727,2,0,people,2.0,2,0,<user>,2.0,0,0.3854166666666667
3075,792149742495076000,3076,0,<user> do not see how gun control affects police . <repeated> but either way i do not see anybody arguing for no gun control shooting anyone,tywrestler15,0.395833333,0,do not see how gun control affects police,6,0.375,0,not see anybody arguing for no gun control shooting,16,3,0,but either way i do not see anybody arguing,16,0,0,control shooting,3,2,0,<user> do not mess with the second amendment,5.0,0,1,do,2.0,2,0,<user>,2.0,0,0.3854166666666667
3080,748188484297326000,3081,0,terror attacks because stuff and things and . <repeated> climate warming . <repeated> islamophobia . <repeated> junk and gun culture . because stuff . gun control . <hashtag> news media </hashtag>,Gabe_Cochran,0.5,0,terror attacks because,3,0.375,0,terror attacks because stuff,7,2,1,terror attacks because stuff and things and,10,0,0,islamophobia,2,2,0,terror attacks because stuff and things and,25.0,2,0,terror,2.0,2,0,terror,2.0,0,0.3854166666666667
3086,738486136683778000,3087,0,having a gun actually increases your risk of death by gun <hashtag> gun violence </hashtag> <hashtag> gun sense </hashtag> <hashtag> law </hashtag> <url>,DWMagann,0.520833333,0,gun actually increases your risk of death by gun,10,0.520833333,1,gun actually increases your risk of death by gun,15,2,1,gun actually increases your risk of death by gun,10,0,0,gun violence </hashtag>,3,2,0,a family member,3.0,2,1,you,2.0,2,0,have,2.0,0,0.3854166666666667
3093,745756506604318000,3094,0,"<user> - imagine coverage if you unveiled plan to talk about "" gun safety "" in areas the "" gun control "" did not prevent incidents .",ksemgs,0.291666667,0,imagine coverage if you unveiled plan to talk about,22,0.333333333,0,imagine coverage if you unveiled plan,15,2,1,did not prevent incidents,7,0,0,did not prevent incidents,4,1,0,if you care about this country andt michigan,9.0,1,1,if you care about this country andt michigan,8.0,2,0,<user>,2.0,0,0.3854166666666667
