screenName,numFollowers,numFriends,numTweets,numRetweeted,numTweetsInDataset,libRatio
Micha3lWittmann,25,25,511,41,4,0
cufland,1067,531,70,21,1,1
Iasthai1283,605,1752,2774,222,1,1
PeteToma012,517,841,1644,266,1,0
BobbMessina,4,42,33,0,1,0
SeanGrooveAddix,48988,3258,481,116,1,1
Neutraljs1,71,150,607,57,2,1
davidmgfic,22,66,54,3,1,0
seekeroftruth12,1,9,121,0,1,0
abby_sumi,168,154,406,64,1,1
ScottynCarolina,29,147,317,15,1,0
nursenancy23,29,90,301,19,1,1
MattapussKMJL,34,338,139,5,1,0
CadyKurz,197,511,533,142,1,1
jenfalv,13,100,211,6,5,0
Jnnyjackpot,22,105,309,44,2,0
Garystrr1984,0,4,1,0,1,0
DennisDecarme,41,35,144,86,1,0
alexstarrs,3136,413,224,65,1,0
coenture,99,189,2518,73,1,1
purpleprowess,174,616,862,24,1,1
timcampbell2015,48,247,125,1,3,0
tkhiss68,23,282,392,55,1,1
brendancanty,1633,874,228,477,1,1
KaraElizabeth03,282,948,1720,168,11,1
FollowAnnette,220,245,617,65,1,1
NickeyNickKane,1734,708,1419,94,1,0
loganemok,119,529,2577,40,1,1
brooke_esque,332,301,1915,582,1,1
Iamduckk,18,95,229,5,1,0
goober01013,7,30,243,5,4,0
MaximumSoler,8,22,1269,11,1,0
lehocks,22,73,109,16,5,1
ipena24,178,483,1036,40,1,1
Fae_Thee,11,90,94,20,3,1
Ruchi_Rani,178,215,2858,125,1,1
shana3083,109,147,249,14,1,0
JeanneSakata,666,561,1687,897,1,1
the1rad1,131,283,2528,95,1,1
mouthy_broad,182,306,640,41,3,1
gagaforgaga2010,1419,1957,2801,267,1,1
patricktfran,9,37,175,21,2,0
expatbehr,397,350,2352,111,1,1
SoJoBmanUtefan,267,391,2201,148,1,0
KayKewVee,81,220,289,35,2,1
sarahwetley,14,106,165,23,2,0
CCollin44,442,418,310,163,1,0
JEREMYOTTO9,181,197,43,22,1,0
OscarRSanchez,151,176,284,33,1,0
angelaxrose,396,389,717,731,1,1
kstrucks,286,721,2218,113,1,1
Andrew11555,76,32,49,0,1,0
johnmuter,298,549,59,1,1,0
Allied_USA,1,9,9,1,1,0
mrsgregor_,35,202,916,14,2,1
Bonjougma,52,75,670,50,3,1
lisa23967,135,344,1717,288,1,0
JaredTomjack,475,409,209,65,1,0
sykopig,0,8,22,0,1,0
kevinburger72,77,142,202,17,1,0
EliQRoberts,67,493,1138,75,3,0
nyrhtakk,335,259,2458,461,1,1
HutchersonMolly,563,489,1835,524,1,0
PrincessClur,482,479,2322,1754,3,1
jeremyjtaylor,578,2097,1361,211,2,1
swingnhammer35,26,302,1596,67,2,0
freddy_vall,411,421,300,432,1,0
NicolaMLola,134,346,2883,26,1,1
emilysmusic26,488,1793,1317,65,1,1
jbairdjr,119,288,1342,193,1,0
sexy_sumpter,72,55,353,45,1,0
MarkDes813,34,165,326,21,7,0
tj56rrbdg2,1,7,144,0,1,0
ChitownDagger,51,326,136,5,1,0
grandduchesspf,205,316,1344,227,1,1
netski66,75,433,717,18,1,1
abccbrooks,42,394,961,11,1,1
RipHughes,496,725,108,38,1,0
AnnMKrantz,224,321,289,696,9,1
KevinMacTweets,715,551,2746,268,1,1
Ellen1514,807,2077,2541,381,1,1
kaneeka_k,69,286,452,49,5,1
KatelynJJackson,594,533,1887,578,1,1
untidyclan,3,10,243,21,1,1
BlkRobeRegiment,942,1679,2263,210,10,0
evanjeastman,53,263,188,53,1,0
IsisWisdom1,319,911,422,754,1,1
Amyyyychen,429,400,2413,633,6,1
JointActionComm,359,662,1230,1330,5,1
OfficalMoathon,91,104,243,67,2,0
ya_boy_trey2,247,513,598,71,1,0
AshleyNBurgess5,380,524,283,132,1,0
amyuncorked,1109,966,2663,339,1,1
tonys720,10,25,15,0,1,0
Ericwp5,18,41,19,4,1,0
maryriggi,40,250,207,2,1,0
SOTWIFUNNY,33,89,155,11,6,0
bobkeogh,238,1578,2134,40,1,0
JuliaGeist,190,248,252,41,2,1
c_peavy1,31,117,39,3,1,0
cooptenn,39,90,941,55,1,0
KEVIN_639,91,195,1745,52,7,0
TerryUpdike,12,50,228,4,1,0
celtic_craig,27,126,504,12,8,0
DavidUSA1210,20,42,647,91,2,0
isundar,10,37,265,4,1,0
epjacobs,72,122,713,203,2,1
CoyoteSings,11476,8536,1544,10098,1,1
pacheco_marcin,111,180,209,31,3,0
KurtmCleary,800,420,1751,1684,1,1
bwadykstra,586,1915,1670,749,1,1
TheTransporder,141,295,965,45,1,0
davidckeefer,8,57,59,2,1,0
bigpoppafire,106,179,597,135,3,1
liljabroni,17,98,84,17,1,1
strange_niles,56,186,78,28,5,0
Breydo_Santana,124,128,118,17,1,0
austinbyrdman,23,225,105,6,1,1
Caitlin_Hannahh,491,1253,1592,208,1,0
MScoastrat,185,398,825,104,2,0
BeHotte,276,224,1413,153,1,1
mkrigazio,16,18,117,9,8,1
GoBigRedRev,14,33,915,32,1,0
NTXDuckhunts,268,300,1041,35,4,0
MikeEMorrison,52,267,247,11,1,0
valvibez,231,254,1182,252,1,1
RayjaeTransCorp,11,33,147,43,1,0
kc7373,22,81,343,2,1,0
Gladimir_Putin,375,311,2264,504,1,0
J2shevlin,132,352,401,502,1,1
shububu123,21,79,301,44,2,0
LuzBorrero3,58,88,21,12,2,1
itsyaboybert,115,101,2904,310,2,0
hey__nikki,223,663,2139,1256,1,1
tglank,11,161,14,0,1,0
Kenne541,75,740,432,16,2,0
amy_thinks,17,84,314,25,1,1
MiloNickels,654,1398,2257,703,1,0
blackaussie1,372,1168,1413,359,1,1
erick_idey,180,181,213,54,1,0
ThirdAridDream,53,198,1033,40,2,0
LiberalsEatAss,33,81,275,27,4,0
daretorant,816,426,2101,408,1,1
kriistiinnnnx,272,380,1798,163,1,0
wppeterson,17,64,350,33,2,0
AmbassadorUC7,15,75,341,9,3,0
friedgabe,433,583,2062,260,2,1
tracey8oh,888,756,1615,396,1,0
aeg1954,13,88,157,13,1,1
CurranCorey,322,529,1156,528,1,1
JohnnyLang51,353,411,775,151,1,0
BarrazaSdfjbjr,60,446,444,36,1,1
TammieNYC,87,223,470,316,1,1
AdamRison,330,381,304,97,1,0
Philbo93,285,314,355,67,1,0
ScoobaOne,1647,1455,1404,358,1,0
phinsfan1,31,43,225,47,2,0
jamfixer,16,33,249,1,1,0
christal_watts,1401,2352,827,400,2,1
ROGWanerman,154,980,535,97,1,1
alhill2015,414,1397,1479,93,1,0
GeorgeVelvet001,26,169,84,1,1,1
RowdyMCD,38,90,168,23,2,0
virani_riyaz,12,35,466,20,1,1
sydney_awesome,124,241,2971,328,1,1
AMERICANMUSL1M,40,811,42,26,3,0
gregnikolay,118,365,1741,48,1,1
alamo36,3,10,588,1,1,0
Gperez8696,321,1228,654,157,1,1
annecmctweety,13,97,47,9,2,1
jdruzicka,238,376,801,103,4,0
hmklein22,12,86,64,5,3,1
BoldnessOne,44,132,51,1,1,0
callabella,9,95,67,1,1,0
ohkaytaylor,362,503,1207,287,1,1
big_red818,131,164,298,55,2,0
RyanSmith_OC,278,511,1101,469,1,0
staton_ss,23,142,216,2,1,0
nanipuuwai,151,416,1258,145,1,1
park_dshark4,273,247,500,165,3,0
Drsforamerica,12716,5040,229,1247,6,1
Indymimi2,10,66,196,13,1,0
vincentcorazza,1414,1156,452,337,2,1
Jeff_DeLuca,1538,3046,545,416,2,1
JerZpuppy,206,468,2361,365,1,1
BobLucky,69,351,1258,64,1,0
JoanaGarcia4Del,616,965,534,581,1,1
caitlindale,178,297,1327,49,1,1
Brian51socal,117,220,1030,135,1,0
coachbellucci,224,153,571,215,1,1
101s0cc3r,88,148,708,11,1,1
fezunit,87,219,2797,242,1,0
HeyLets,88,236,890,27,2,1
WaikikiWayne,203,274,950,74,1,0
_BlackAngel,306,623,904,58,1,0
BilboMagens,28,173,418,0,1,1
Griffin2Miles,282,200,121,131,1,0
therealbrat,33,52,62,7,1,0
michaeljames86,2074,2336,206,53,1,0
unlockeddaisy,33,143,762,26,1,1
Jerrya3900Jerry,79,348,86,2,1,0
mez59,91,236,29,0,2,1
PaulHouse1,30,402,224,19,1,0
BigLlamasHouse2,137,405,808,119,1,1
leanbackyoda24,23,132,161,10,1,0
AlaskaBarbara,40,39,452,89,1,1
dawattsy,564,1068,160,59,1,0
ClintHolt123,598,395,1092,517,1,0
acarril8,23,55,23,2,1,0
angelfla,12,54,12,0,1,1
ravingog,21,84,11,0,1,0
EddieBL74,375,915,166,28,1,0
Dotsdad,43,201,269,6,2,0
Niall_Horrann_,512,925,582,150,1,1
debmartinowens,46,31,42,16,1,1
shelbyfrankie3,401,436,2448,263,1,0
zosifer,286,273,2636,377,1,1
DagnyAustin,20,119,135,14,1,1
LouisForta,27,42,378,249,1,0
r_boydie,122,218,614,64,1,1
KathyDiener,47,215,268,13,1,1
rcmfla,185,615,1828,234,1,1
skipchicago,27,80,630,36,2,1
Call_Me_Kae,23,90,142,10,5,1
jahgmom,269,329,596,847,2,1
itstiff_b,172,272,2967,55,1,0
jmorgan496,197,307,2065,333,1,0
paulinaburrito,424,658,1873,203,1,1
GotPotts,170,488,2118,633,1,1
Jeffcaddell,240,256,815,18,4,0
Singeroftruth17,39,121,175,7,2,0
Gogglor_Smash,113,512,734,118,1,1
LeischenMoore,160,223,720,31,4,1
dolcedoll_69,338,691,642,50,1,1
Heidi_Renee1225,65,350,268,13,1,1
leifbrown1450,357,348,508,58,1,0
CARAWykowski,590,802,619,93,1,1
quintal135,264,253,1777,226,2,1
baiIes,107,199,870,951,1,0
AwanaGinger,21,138,186,7,1,1
DenaHellums,639,913,1514,872,5,1
TomKey68,298,983,1663,125,3,0
tylerhahn21,125,123,970,132,1,1
MaxIgneous,23,15,697,15,1,0
PattiFederico,807,903,1605,244,1,1
49StatesOfHate,12,20,154,10,1,0
simosez,10,30,123,1,1,0
EmilyFultz91,104,213,429,63,5,1
gantrenard,1177,3471,972,71,1,1
Harold_d11,18,335,23,0,1,0
Man_OnThe_Right,182,197,2054,13,2,0
Tonythegreat864,142,194,169,149,1,0
KSTeacherMrE,423,990,1249,490,1,1
VRKyle,249,356,1517,234,3,0
k221bsn,109,130,2009,70,1,1
zmg_jop,392,716,1358,102,1,0
joshadams137,387,793,852,97,1,0
swedesauce,49,116,529,27,3,1
MyNameIsTitty,334,788,1754,218,1,0
scottjones_51,6,16,54,0,1,0
megdevereux,292,656,1087,259,2,1
Coolman050,60,463,778,21,1,0
t_humper90,223,865,1892,116,1,1
lucyanna,78,327,2784,94,1,1
BologniniRich,1272,2205,547,382,1,0
RussellJohnso64,1634,1451,948,681,1,0
Resqudiver,21,115,162,8,2,0
JRogers452,6,32,121,27,1,0
Thomas_rack,183,284,2092,335,2,0
jeffd015,24,115,39,0,1,0
sshippey79,70,266,365,42,2,0
IAmOnly1ButIAm1,207,491,794,248,4,1
Trump_ego2016,3528,4872,195,7603,1,0
TiAnRaRo,196,520,1731,107,1,0
christecherie,18,91,12,0,1,1
RICKHRINIAK,173,570,1287,53,1,0
johnclaybrook,1777,182,735,4439,1,0
MHNatGeo,26,260,865,39,1,1
jennrosed,413,1163,3048,94,1,1
MargsJ,259,874,386,116,2,1
CurtisAlexandra,665,472,2164,807,1,0
Lethldsage,15,69,246,49,1,0
May0Naze,66,194,274,98,1,0
DanyGelyana,1724,283,995,655,1,0
TheNewMinutemen,4,3,331,11,7,0
MrSamHodges,3088,1239,2005,1864,1,0
rifleman74,115,264,83,14,1,0
Chuck_Swanson,1270,2535,1592,166,1,0
JustinHenninger,76,342,1023,24,5,0
TerryShed,317,1569,3038,343,2,1
heavymetalhomo,18,94,176,8,1,0
FluterunnerO,387,930,716,90,1,0
kimrz,52,69,2214,47,4,1
Thatguypk,151,297,527,41,1,1
shawnthibault13,231,195,2107,163,2,1
allamerican1987,49,100,847,76,3,0
1americannavy,6,22,108,7,3,0
Charles_posey32,309,251,518,987,1,0
tfpod,3,41,102,1,2,0
neyonte,130,166,392,84,1,1
mantuanm,515,2216,1384,81,1,0
ElizabethPrec,215,215,1302,126,1,0
YevgeniyMaster,136,369,154,22,1,1
Zander_Thompson,385,1410,726,157,1,1
annoyinnobodies,69,127,2244,600,2,1
M_Rowell1,495,487,1310,580,1,0
ssherry732,0,15,311,1,1,0
repjohnlewis,423037,165,1427,1159267,9,1
KJJanssen2,1589,2292,1101,258,2,0
draustinsaysso,53,116,156,24,1,1
rraffo1955,9,12,244,2,2,0
mmcevoy_1,27,217,99,5,2,1
MargaretBroz,143,245,545,29,1,1
ericmain30,335,98,2160,349,2,0
hacquecita,468,1491,1370,188,1,1
AwnieR,149,277,510,143,1,1
kvnbyly,2548,591,2566,466,1,0
REICHSMARSHALL,4,7,311,2,1,0
michaelcoats001,27,121,219,6,1,0
jrice6772,38,70,123,0,1,0
Collin87C,464,455,1527,346,1,0
txhugger,240,906,988,55,3,0
ReckerJenna,321,651,69,75,1,0
johnnyboylane,782,2377,780,36,1,0
canadiangirl224,132,408,1101,114,1,1
castfromheaven,1867,1982,532,121,3,0
Snortch,22,36,1028,60,1,0
iapple0913,60,146,2310,33,1,1
zacharyowen98,248,2010,736,27,2,1
ccade937,70,222,726,66,1,1
CookinCovati,322,1091,2126,157,1,1
BigdaddyRaven,35,127,451,16,2,1
tbojo816,34,183,145,9,1,0
pelon_guapeton,105,168,1909,76,1,0
whatatree,127,596,153,3,1,0
hbrunelle24,206,353,945,594,1,1
daniellek86,227,697,2032,87,1,1
DPilsk,222,298,1280,387,1,1
guto_davies,1292,1820,1855,1555,1,1
journeybubbles,41,103,150,10,1,0
dormier801,569,2040,1233,99,2,0
BiesanAK,809,598,428,170,2,1
rhpbpugh,27,36,45,2,1,0
billy_lloyd,119,933,639,114,3,1
Tane_Bro,66,308,396,10,2,0
JulieCaryDesign,29,132,102,3,1,1
one_withwings,590,2041,599,18,1,0
claysmith48,39,158,193,9,10,0
Angieg26Smith,66,351,134,14,1,0
haylstormsx,168,432,2695,94,1,1
showermanns,31,46,644,10,1,0
aaronmtrent,76,190,127,18,1,1
kmurphyva,1583,386,732,1860,3,1
MDYangwe,546,792,1440,234,1,1
PDLassiter,383,1238,734,72,1,1
JenniferOxley1,39,55,150,5,2,0
KarenShadowens,59,193,205,19,1,0
AlyssaTeamTrump,509,517,160,287,1,0
Candyst3,99,207,1553,51,1,0
iam1albertan,374,458,498,352,1,0
Gabe_Cochran,86,80,1427,135,3,0
susan_twidle,197,220,1553,4800,1,1
san_drink,348,1019,2421,70,1,1
lwsquared,54,187,43,14,1,1
cohen_lab,104,186,179,71,2,1
wsummervil4,11,26,21,0,20,0
elliewilhelm,62,405,525,29,1,1
r_drinkhouse,477,460,1977,460,1,1
starbabu1299,25,100,85,4,1,0
TheAnderMind,252,508,193,215,2,1
smazz309,333,908,816,70,1,0
meghan_gaines,459,357,493,212,1,0
Morblodplez,73,209,265,10,2,0
dakotastewart95,801,1198,1471,378,1,0
t0tallyalex,210,92,889,146,1,1
Lwilsoo6,55,372,426,87,1,1
chrisyoung1270,75,185,625,83,2,1
1Spirit1Heart,15,125,625,41,2,0
Americanpride4,222,767,1997,52,2,0
Roxanne_Mashari,1719,2248,851,1680,1,1
kristin_burton9,217,407,669,81,1,0
tp1952beau,0,22,113,0,2,1
HicksDay2,2,47,140,20,1,0
Mix_Masterson,8841,223,1005,55,2,0
tknew22,10,3,486,22,1,0
1949JAG,29,156,299,53,1,1
ruth_tisher,4,20,15,1,1,1
maraw,504,363,1359,1070,1,1
Allie_May_Jay,118,199,1210,88,2,1
gmcullup,13,98,28,0,1,0
fozzyandhenry,29,190,211,22,1,0
StevenSlikkers,71,220,387,13,5,0
big2cat,65,234,1235,11,2,0
vertexpd,44,63,369,18,1,0
rollet30,241,754,657,116,1,1
JoshStorms_,551,285,1010,610,1,0
repobuyer,1,29,36,0,1,0
TrevorBurns29,408,291,655,131,2,0
NillesDan,7,75,65,5,1,0
joergguenther,44,208,352,5,1,0
k_schaberl,126,167,451,106,1,1
weasel425,11,84,264,21,2,0
CorryWestbrook,242,236,457,306,2,1
majorr66,429,283,895,447,2,0
hearhannahhagar,222,268,657,56,1,1
Cindystastycake,220,358,90,7,1,0
Semones2014,8,60,31,3,1,0
NotQiuteRight,150,293,216,49,1,1
alwaysbailee,173,217,666,64,3,1
myoceansunrise,31,123,51,2,1,0
DEALERPOSTER,4909,1890,370,31,1,1
brendenah,510,464,2155,540,1,0
hipsterdionysus,57,245,185,10,1,0
soupnotsi,34,122,1347,227,3,0
transjectron,8,52,114,77,1,0
TheCuratedManse,40,212,123,20,1,1
JOSEPHDMYERS,25,11,336,9,3,0
DavidFeldman,1110,694,1716,532,5,1
BellgoddessBY,62,336,342,30,1,1
jamaladowner,21,22,239,14,1,1
PabloGo19091159,5,22,50,0,1,0
f14flyboy,1128,1896,876,146,1,0
barchief1,59,152,370,46,3,0
HicksLeo,18,103,437,7,3,1
BigEvilSquirrel,134,530,1397,40,1,0
ThulaniNkosi17,86,183,592,55,2,0
reajin1,5,3,157,11,1,0
mjk1908,0,22,116,6,5,0
Justhll201Hall,30,245,194,20,2,0
EmMcGlover,541,391,2884,242,1,1
BeckstromBen,270,896,1002,63,1,1
TannerEggleston,27,229,150,3,1,0
YellEthan,302,663,1439,138,1,0
elysehigley,304,710,960,25,1,1
joned48,25,103,263,27,1,0
katecallahan14,256,527,154,7,2,0
C_Rod_65,554,566,1451,449,2,0
thefauxsterr,355,576,2249,315,1,1
rainbowzinnias,318,1069,648,142,12,1
MistiCrane,1055,869,1422,386,1,1
WashedupMXER,76,420,632,13,1,0
Miles_Ott,160,272,209,97,6,1
hillkelsey7,238,293,1099,166,1,1
JulesJuley,112,566,362,26,1,1
simrjones,296,1273,583,80,1,0
oscarAking,44,42,142,33,1,1
Mr_Mathes,431,199,2705,632,1,0
Catheri81098144,16,111,21,1,2,1
MahieRevivor,12,102,21,0,1,0
STzic,224,602,682,122,1,1
Shellyc29,94,563,533,292,1,1
mikeonthemic31,115,204,840,78,2,0
ColinRMinor,647,288,2015,759,1,0
feuermathdoc,116,366,2739,63,1,1
carmen2u,17,103,116,3,1,1
dylretz,208,168,1500,191,1,0
DonVaBeach,133,44,3155,316,1,0
eric7flora,16,30,119,6,1,0
__Mase_,342,1418,2168,92,1,0
scottpressman,157,475,983,146,1,1
TravE1230,26,127,122,2,1,0
amanda_lee_b,12,44,86,2,1,1
susanschally,781,839,307,89,1,1
COSProgressive,496,1204,1187,743,2,1
jdsanger1,34,66,74,2,1,1
wolv11,46,131,599,2,1,0
TheMattGage,35,500,960,18,1,0
sue_doynm,610,1152,2809,110,1,1
Sherry28876339,2,12,17,1,1,0
rcole96380,52,162,673,24,2,0
periwinkle902,198,387,826,42,1,1
michelle_gajda,369,559,224,1842,7,1
sherondawinfrey,366,726,2012,348,1,1
abveggie44,99,158,1141,131,2,1
jeremylvn,3,4,2,0,1,0
jchung02,209,162,1467,73,1,1
sammyg1953,385,775,414,66,1,0
ConklinLiz,25,95,555,42,1,1
mca_29,141,219,343,59,1,1
Ravo1981,32,50,165,18,1,0
alan_haugabook,218,634,66,14,1,1
MikeandDogToday,1939,282,2670,1208,1,0
whitegirlpaige,275,280,1327,411,3,0
tmbhmltn,82,269,931,133,1,0
LouAVille502,55,244,539,38,1,1
christielyn,99,448,292,30,2,1
TimDalTx,190,614,306,26,1,0
schoolfraud,52,61,392,104,1,0
Strange_Jackson,65,598,143,10,1,1
NikoNickolaou,536,498,1915,95,1,1
hunterjdc,1064,1255,1484,678,1,0
JeffGreenspan,3432,1389,1581,981,1,0
Wudykaaa,346,644,941,159,1,0
LarissaInZa,44,153,169,10,1,1
hokiefanbooth,168,596,221,14,1,0
saagutmann,345,1244,704,483,1,0
TamaraHansen33,22,122,116,10,1,0
realbrianhook,792,97,283,47,4,0
heide_ms,482,456,574,674,3,1
quepque1,58,464,545,49,1,0
srcatanzaro,27,142,55,6,1,1
theimpactbible,9139,296,179,2486,1,1
breatheDeep3,1033,1902,1682,381,2,0
FeiginMilosz,13,12,278,12,2,0
imapachyderm,1766,2202,1677,62,1,0
azhuero,205,696,782,114,1,0
Jrakes3,196,352,455,27,1,0
MarlonRoa23,4,6,66,0,1,0
Am3ricafuckyeah,78,62,257,55,5,0
mckennapaigec,51,119,422,69,1,0
DannyBlakeLB,32,79,120,2,1,1
maury_lee,377,779,748,59,1,1
jaxstudios,38,70,613,23,1,0
Danaclaire6,3,28,384,25,1,0
AlyshaJanzen,367,193,2306,455,2,1
mmartinRN216,15,117,165,5,1,1
dmeMusicHouse,30,82,135,7,1,1
nephewtommy,84517,9148,2553,15019,1,1
danajogilbe,117,162,621,108,1,1
AshofLallybroch,2,8,29,1,2,0
msciangula,550,1321,2257,425,1,1
Mark_IDLife3,336,382,1100,26,2,0
goforitmojo,4,33,3,0,1,1
gagemorrison_71,714,626,1437,419,1,0
MConnell81,4,3,15,1,1,0
BosleyPamela,98,63,210,250,5,1
kkurtlarson,151,601,110,4,1,0
JennPrime,25,197,905,8,1,1
joshperera15,4,52,18,2,1,1
Akiyaa,83,158,1054,24,1,1
Scarlettdkb,10,8,21,0,2,0
R_Phrampus,44,278,825,53,1,1
FregiaJoe,17,70,305,5,1,0
WJKerbel,158,357,852,187,1,1
SmarmySmurf,590,3222,1142,98,1,1
Blake_Hart,232,394,766,212,1,1
ksemgs,1716,1857,3161,129,2,0
molll23,205,499,2386,248,1,1
RepubsRafraid,75,111,305,60,1,0
zach_ruppert,63,112,337,15,2,0
danclarkmusic,1846,2184,264,49,1,0
repjoecrowley,17272,801,2189,19256,6,1
jwa1643,136,513,1095,41,1,1
vonhetch,46,121,172,2,1,0
jerry3233,15,31,37,0,1,0
Ellitrio,52,207,2902,28,1,1
PopFuzz,108,39,144,18,1,1
tylepard,1166,1327,1217,427,1,1
ChettyMein,67,193,737,122,1,0
hprinehart,90,328,57,20,4,1
KidKonza,117,700,60,1,2,1
lmillerhill,48,124,463,63,4,1
RoseofAvalon,1427,766,1180,167,3,1
Psteurer,34,95,36,49,1,1
daniscorgis,44,73,233,23,1,0
Haylie_Bills,271,851,729,78,1,1
jessmapel,662,1353,1800,527,3,1
ChrisComeaux,707,268,2003,375,1,0
Dylareus,115,200,1784,390,1,1
chrisdazey,151,1520,778,69,1,1
Biasedmanagemen,5,24,91,2,1,0
Imy1,136,648,478,29,1,0
ArchitectGJA,62,263,628,49,1,1
FiliatraultMark,50,86,43,11,1,0
revjbarth,62,119,209,32,1,0
AinsleyWortman,239,602,1138,88,1,1
jsragas,79,455,611,7,1,0
emmcatw,99,442,450,12,1,1
stevenpgrant,112,159,321,55,1,1
JLMullin,244,198,641,80,1,0
jenhonen,9,16,181,10,2,0
bertlow3539,582,1887,742,43,1,0
CindyBr15464234,25,17,742,51,4,0
CourtnieNW,99,463,157,14,8,1
axccollins,136,393,35,9,1,0
margotconover,43,164,38,4,4,1
cbm9q,11,81,62,20,4,1
sperkinsyoga,959,1817,1569,88,1,1
musicaconamor,284,227,163,21,3,1
Anyworld,22,56,437,19,7,1
frandreola,220,334,793,73,2,0
cw_lynch,588,314,1051,430,1,1
StephenOndra,669,342,693,630,3,1
ejbeach2,116,130,2463,17,3,1
Sean25814089,111,229,12,5,1,1
redneckscuba,47,188,999,52,1,0
kyliebriggs,336,833,1484,443,1,1
Sara_Quintana28,118,447,317,3,1,1
mmoore1980,205,912,127,12,1,1
heather0044,370,441,268,53,1,0
alrac0807,208,718,2580,38,1,1
anf1fan,462,1817,1175,79,1,1
hildebrand19038,4,75,79,5,1,0
amntweeter,5,8,49,0,2,0
bigshady55,61,262,254,16,1,0
DelBenCline,2879,751,432,786,2,0
jofroggattfan,114,433,1929,195,1,1
sissyreddiford,215,324,179,6,2,0
Jadaphoo,474,279,967,28,1,1
prowler16,453,846,131,27,7,0
uribe_anac,239,580,1368,142,1,1
taxlady731,43,176,309,75,1,1
loungNlizard,509,823,659,54,1,0
BentlinBen,20,175,14,0,1,0
CodeyMy,30,136,83,4,1,0
doubleplayband,24,99,24,1,1,0
traviskullgren,161,234,643,89,1,0
sali4six,54,211,317,11,1,1
Brizzie22,253,355,2002,276,1,1
LibWstCoastProf,108,317,2811,141,1,1
PutWriter1987,11,133,131,11,1,0
IdzamyrCreation,38,128,62,11,1,0
luciend21,17,75,107,9,1,1
kehaulyons,213,1591,537,36,1,1
zkanSheol,48,91,778,20,1,0
brisque,134,664,942,43,5,0
Lululand_,340,521,2470,263,1,1
JointCenter,3413,1787,1289,2019,4,1
Nu2Politics,17,120,23,0,2,1
FuckWebster,576,368,588,458,1,0
judywadesf,168,244,649,86,1,1
cyberacy_cyound,81,439,800,18,1,1
TrigglyPuffsBra,13,35,84,19,2,0
andrew_jwilson,1021,370,741,544,1,1
EllieHill,3035,2687,1228,1782,5,1
txbrwnis,33,96,65,3,1,0
pigphat,4,32,156,3,1,1
therealjulesolo,71,643,92,2,1,1
anthonymcng,13,51,41,1,1,0
cvetter7,346,379,1218,443,2,0
nice_out,5,46,15,0,1,0
murgatr0id,840,777,1002,200,1,1
markjarrett54,1,22,30,0,1,0
comon_cents,275,615,1426,107,1,0
SabinaEspinet,200,524,472,93,1,1
dshuck,630,483,2865,279,1,0
JennyWendel,325,572,487,46,1,1
shauntandon,3070,2643,1935,3254,2,1
usacmaniac,5,254,45,0,1,0
MattiMcGee,127,162,559,53,4,0
pnorth,894,758,565,473,1,1
James_Flyreen,165,179,2298,249,1,1
Alec_Joseph_,17,33,316,25,1,1
julienotjess,44,207,41,8,1,1
justinratti1,202,112,227,27,1,1
CoFinnegan,459,1499,613,80,1,1
mjselker65,58,108,2871,3,1,0
OldstyleOmar69,35,97,2084,20,1,1
mari_sugimura,219,757,1541,32,1,1
jagger0622,382,498,1792,1040,2,1
michpottier,313,584,1065,645,1,1
michaelsfarr,13,63,677,8,1,1
TheCleverguy,339,757,2595,62,1,1
lori_lundberg,8,35,4,0,1,1
kelliegoodwin,37,125,83,30,1,0
JoshBigj1,709,714,1961,893,1,1
DelhiMensBball,239,164,245,82,1,0
BethBoily,65,360,526,35,1,1
RepMikeHonda,24886,1070,2361,31440,15,1
wvkim,206,349,636,85,1,1
jackmeriwether,176,387,2541,110,1,1
JewkeSkywalker,727,1681,1836,268,1,1
aaron_denman,198,111,2690,322,1,0
JOEYD1,293,413,2169,428,1,1
JTEX1976,140,333,371,35,1,1
Quinnie42,141,400,2227,128,1,1
markew,33,137,558,19,2,0
mrwashout,361,701,715,93,1,0
catlynch_13,48,228,658,32,1,1
radiodude1934,4,55,48,0,2,0
MainEvent86,35,358,363,27,2,1
taylor_mcgraw,463,399,238,131,2,1
incognitowear,82,224,77,27,1,0
starwarsmomma,25,138,527,180,1,1
jadey_ladie,176,1167,2001,118,1,1
Masterfenix2009,354,1840,2159,72,1,1
49erRainbird,47,219,142,11,1,0
Longhorn74BBA,1238,1950,2214,448,3,0
MrBadWrench,8,55,166,2,1,0
ruellen,61,74,637,60,1,0
ItsJuliooo,680,460,482,747,1,0
Gc1324,37,298,143,13,1,1
rmdeuskar,429,501,477,267,1,0
JerseyGirl2inPA,42,136,915,173,1,1
lenguardino,839,2127,3120,22,1,0
TheDeviantBox,44,149,291,20,2,0
pol_unfiltered,22,32,52,42,1,0
nexuslobo,1243,2636,918,56,1,0
havertyk73,63,171,308,84,1,0
NicholasJMaggio,91,92,2075,227,2,0
JohnnyGayzmonic,260,425,803,73,1,1
qballjeff,15,71,63,1,1,0
Keith_Stepanski,105,263,2706,96,1,0
CTREM31,17,310,335,3,1,1
abpeetz,515,558,904,90,2,1
vickilab1,31,49,60,12,1,0
triston_cole,764,768,1256,141,1,0
dawgiel,278,477,1003,258,1,1
DannyRayfogg,128,130,1754,376,3,0
tmblack2,1400,913,1635,1378,1,0
StaceFace22,389,528,2138,114,1,1
nbabhii,5,54,141,1,1,0
ReneNewell,244,1682,359,179,1,1
SCV4TRUMP,1040,2009,358,115,2,0
Rockr259,90,148,2655,101,1,0
feedthebuzz,8,101,57,2,1,0
vickieastus,175,325,494,91,1,1
DustyBoll,4,73,505,35,1,0
jebuckingham,45,194,160,3,1,1
bst1123,72,126,233,9,1,1
mcannock1,35,77,281,20,2,0
paulyswalnuts,47,206,261,5,1,0
jameswampler1,56,409,223,13,1,0
TALTACMFG,275,614,219,21,2,0
Gayeaucrat,41,71,615,23,1,1
OwenOrRetro,107,103,147,9,1,1
nicmarais,1219,924,2671,387,1,1
Jessica58658341,1969,2751,169,70,1,0
PaladinHouse,1398,1619,774,192,4,0
reid_slack,591,129,1961,726,1,0
yoNaijalliX,1140,1143,1425,201,2,1
RedHeadedPicker,68,161,135,6,1,0
StanleyBetts1,11,45,5,0,1,0
2LoveAMaltese,1976,2062,1135,55,1,0
pastorjoebutler,127,318,965,129,1,0
allamosamine,56,200,1096,45,1,1
TrixieConQueso,591,1533,1767,569,2,1
Seelyjl,496,949,1389,107,2,0
raeganpayne,4196,384,2082,643,1,1
RachelleBlidner,446,954,483,197,1,1
CarlinPendleton,50,49,554,42,1,0
Kay1Denise,348,1146,316,53,1,1
ScowDog,66,111,173,11,1,1
77johngrab,261,382,229,45,1,0
ldiveman2001,12,91,50,0,1,0
bwilsonNV,64,52,168,57,1,0
sethraygor44,183,147,159,58,1,0
Knecia,114,538,2249,49,1,1
A42YearOldArab,85,178,2161,10,1,0
libradiva27,120,237,2361,112,1,0
Starwarsfan1998,17,10,197,71,1,0
Asantewa07,164,404,413,26,1,1
421sdChris,26,82,116,11,4,0
Babyseal_19,552,347,2375,581,1,0
rachel_wilson20,137,162,266,67,1,0
JaniceQuackers,12,16,49,3,1,0
Kk2boys,76,402,561,41,1,1
OERDavidHarris,235,37,70,30,1,1
Tmaglisco26,53,93,72,2,1,0
gordonfactor85,503,963,2053,504,1,0
davidjbly,404,533,457,52,2,1
hondarails,60,194,690,60,3,0
SConservativly,296,875,29,31,1,0
alokchak,36,59,372,7,3,0
RainmanTPS,26,164,366,17,2,0
LucasSchildbach,15,337,112,5,1,1
0f8bf9a2e1d84b4,6,21,8,0,1,0
lnc96j,25,103,270,41,1,1
miffer71,99,948,504,41,1,0
SuspiciousNews,26,172,432,31,1,0
LazarosSTL,292,869,1008,158,1,0
Debo_3755,34,235,144,21,1,0
shafyullah,184,273,267,21,1,1
youngg4ever,345,289,200,107,1,0
inswnity,2090,2680,798,73,2,1
Sophie_LeGore,279,368,925,2266,3,1
patryksays,199,544,1134,73,1,0
juliacubalewis,529,256,559,106,1,1
Zobeida_J,53,162,1020,47,1,1
DuncanScott19,321,984,2596,296,1,0
RantingRedPanda,9,64,327,9,1,1
TheLizard,284,309,2424,151,1,0
ShePrefersPbks,1268,1816,2376,378,2,1
MamaMilkSD,87,218,168,63,2,1
PabloAndYoda,86,222,2157,53,1,1
BIGmuddyBRONCO,579,1063,600,22,2,0
mikalaysia,35,208,240,37,5,1
ChrisDickinson2,244,387,313,100,1,1
ItsAshleyB_,539,365,2084,209,1,1
bwrebroker,9,50,112,4,1,0
AaronBerry11,198,445,1246,78,1,0
DarkSage77,238,213,243,9,1,0
Okoboji6_2,58,362,283,29,1,0
heidigame,2,58,81,2,1,1
maf1989,80,298,501,11,3,0
MattFaulkner1,616,509,1246,561,4,1
jacobratliff,126,170,328,18,2,1
TeeMoneyPOE,10,242,27,1,1,0
jackflash515,507,570,1785,165,1,0
PeteJazz0215,35,66,1158,67,2,0
Firetrip69Sw,13,29,84,1,2,0
NDRepublicans,758,108,430,482,1,0
sara524321,233,510,974,62,1,1
wilbullard,161,154,133,20,1,0
butterfly2342,23,356,452,23,1,1
WombatsRamble,424,1695,129,90,1,0
RepLoisCapps,12393,2820,2332,7871,11,1
redinthecity,2331,1929,1585,290,1,1
Nantheman7,226,307,762,187,1,0
ClassicJpow,344,659,927,202,1,1
rlmiller10,81,197,717,100,3,0
TollieJones,363,745,953,117,1,1
goalie3210,172,149,1026,123,1,0
CasLikeThat,421,772,2762,320,1,1
TokenSportsGuys,270,384,1076,144,1,0
playingwfiber,81,185,3073,45,3,1
Fran3n2a5b,1,24,241,0,1,1
JimHess16,80,703,84,5,1,0
wahabby,653,200,451,123,1,1
jewfem,499,896,761,265,1,1
daniele_alex,191,162,788,225,1,0
MedensEdens,38554,138,663,11357,1,1
bayleerobinson7,268,177,509,361,1,0
ShayneAlbertson,70,65,272,38,3,0
L_willi44,507,513,1067,530,2,0
davidzygmont,119,114,375,43,2,1
robertpaxtontx,19,50,316,14,2,0
BridgettNewton,112,56,96,3,1,0
Alangib35785534,902,1277,197,22,1,0
ritawenews,1092,149,647,553,4,1
abkiel,344,1116,2273,497,4,1
TiffanyChurchi2,64,121,636,64,1,0
Stephen_Aaron,755,1587,1014,163,3,0
PrivateEye08,24,84,73,6,1,1
justrhysism,306,359,2606,169,1,0
Alice_Gines,198,272,776,5,1,0
dmcreek,133,667,239,17,1,0
mariontjohnson,148,107,327,387,1,1
allaricks,10,68,179,19,1,0
shannonmanning,941,2216,1725,276,3,1
blowme2times,27,94,142,3,1,0
reb_photog,5,29,16,1,2,1
WNeiljohnson,1293,1952,2058,173,4,0
Andy_1nOnly,20,286,194,2,1,1
MatthewLofaro,80,231,33,3,1,0
jersey_fleming,15,19,156,15,1,0
JimSpencer7,174,131,2982,483,2,0
CoyCampbell13,392,373,327,249,1,0
JaxThaKing,272,2149,496,25,1,0
BrandonEdmon,359,178,1658,314,2,0
mentalfracking,183,785,455,69,1,1
amana_abdu,103,214,741,181,2,1
GeoffreyRowan,374,594,833,78,1,1
mehrwani,1375,638,1143,718,1,1
ShannonCay,259,156,2135,115,1,1
doc5918,865,1901,286,63,1,0
DylJam10,607,508,1206,435,1,1
griffster7,58,67,53,0,3,0
carolkimSD,1682,1564,1506,705,1,1
DeathlyDavid,245,112,2269,146,1,1
jfull818,14,56,143,22,1,0
SkepticPugilist,1418,215,2410,10322,1,1
raceewing_v,102,89,478,61,1,0
JaxonPancho,7,21,35,0,1,0
TheeBrantE,279,187,2234,799,1,0
LeBlancBrandonL,65,307,80,42,1,0
RicardoLuisRoj3,65,226,62,3,1,1
jbonner801,8,12,96,3,1,0
mt1wolf,7,29,124,3,2,0
katlogo38,44,217,145,9,2,1
ab4e6987d72e4f8,13,101,336,0,2,0
Samjchoi,310,795,1661,168,1,1
tywrestler15,423,999,734,126,1,0
SHMann55,52,172,851,37,1,0
BrytonPinkstaff,440,600,958,265,1,0
Im_Jokingcom,438,1180,1101,42,1,1
easy_earle42,2,42,311,2,2,0
scribable,1635,592,1045,7732,2,1
HolmanChris,301,1526,376,30,1,1
taintU,19,83,283,12,1,0
DTuckerforNCDSV,2508,3279,2259,622,5,1
haleyzatopek,754,712,1922,1137,1,0
MaryBessMoon2,55,81,68,10,1,0
andrewjlederer,558,1462,2393,276,3,1
Loren_jh,1,44,180,5,1,0
rgarmil,175,351,2124,346,1,1
MillySilva,2099,782,932,2290,1,1
bklyncyclone83,30,211,183,5,2,1
heathermichon,402,647,1550,238,1,1
ZackGalifinakis,293,53,1219,333,2,1
janeredrosa,307,777,1413,164,1,1
Orenf318,620,311,2186,330,1,0
3percenterChad,80,195,476,40,1,0
keep_moving,277,404,2402,195,1,1
VirtualHybrid,397,559,2302,364,1,0
DrTonia_AZ,22,13,386,76,1,0
coatsmarsha,27,80,228,27,1,0
bobbarber17,437,771,1100,131,1,0
LoganScottDounn,180,284,387,35,1,0
vinceamatuzzi,462,808,2562,127,1,1
davidstillsjr1,1811,4991,453,12,1,1
DawsonBlaine,219,363,207,1,1,1
savagestreetrat,5,82,120,5,2,0
coach_mjackson,213,249,247,199,1,0
TMullen8,38,187,272,10,1,0
NancyWr60451597,12,85,43,0,1,1
jgarciaii,117,340,331,75,1,0
KeilsLiberty,193,1282,2623,46,1,1
PizzaLife56,41,149,205,14,1,0
ABeireis,267,307,587,41,1,1
TheRealJpigg,139,913,554,67,1,0
YourBoi_Olson,981,319,1853,1090,1,0
Rach_K24,28,174,42,0,1,1
AlexaHoyle,165,485,2702,257,1,1
64kodachrome,30,80,268,51,1,1
SunshineSharon,862,2003,2638,348,1,1
BenFarrow,761,995,2344,266,1,1
MittNightLights,15,49,173,36,1,0
lea_farho,207,420,687,120,1,1
emilyprevost,1038,811,2602,310,1,1
QueenMyrina1,859,1976,1218,296,3,1
walnutsmilez,63,206,206,15,1,1
LawHawg,562,1023,531,96,1,1
OesteDavid,15,93,9,0,1,0
ToniaWatters,271,1095,112,10,1,0
Jesselee280,22,203,1,0,1,0
SelinaWest,67,349,1349,35,1,1
mercancio,332,743,2064,32,2,1
frausulze,336,448,1267,39,1,1
ASANTENNURO,88,150,123,5,2,0
Kedoaj,20,57,283,9,2,0
BRTackett,411,488,2233,503,1,1
vincebwall,2,11,38,1,1,0
Garrett_Arden,54,493,239,81,2,0
1MargeInCharge,385,435,785,237,1,1
JenniferVally,495,1202,739,187,1,1
kecabe,259,706,2006,433,1,1
ssderby5,42,305,74,0,3,0
AbAuburngirl,19,43,19,1,1,0
mary_triano,0,8,4,0,1,1
commiefornia88,20,132,46,7,1,0
Moondog3424,27,97,103,3,1,0
falken1a,5,30,145,4,2,0
101eagl,7,89,261,5,1,0
Mumbojimbo,790,1514,231,39,1,1
miranderss,316,292,1862,485,1,1
courtneymcphie,72,126,1592,44,2,1
LizJackson17,20,152,54,3,1,0
JohnKensinger,62,127,751,46,1,0
DMJCAR57,26,145,1269,17,1,0
preppytillidie,264,968,1747,125,1,1
robingcox,116,282,61,28,1,1
shana_lee2,114,291,339,118,2,0
Seantos11,354,458,1800,220,2,0
mrfradkin,96,787,309,19,1,1
MsAmandaHorning,631,883,2497,191,1,1
bepartofaCAUS,14,39,41,96,1,0
kris_omalley,456,393,1532,350,2,0
MzTCopon,671,622,1490,546,1,1
OhioDemWomen,4286,1253,1373,4116,1,1
TheBaxterBean,28007,5193,413,68483,1,1
1216debjackson,135,577,221,2,1,1
NorthmetroCnx,210,966,1292,59,1,1
Canes4Hillary,958,828,42,224,3,1
WTedford,37,24,148,7,3,0
JayT2187,9,19,482,25,1,0
ice_krystals,26,56,33,2,1,1
gcoul25,34,227,279,11,1,1
MikePCorrigan,78,110,643,17,2,0
maggiebien89,53,274,72,19,1,0
jasonwhorton1,24,92,16,1,1,0
abeeatsrocks,168,605,1148,91,1,0
freemdd,591,1314,2382,488,1,1
bartholmberg,6,56,84,3,1,0
austin_nickens,177,410,141,33,2,0
Katie_2991,499,645,2921,60,1,1
SSandhu21,275,2380,356,28,1,1
CMvozOL,33,132,310,51,1,1
pwvalle,11,34,901,81,1,0
alloverthelines,149,539,1218,80,1,1
thanso456,466,520,615,134,1,1
cbd1a8996830473,7,40,62,5,1,0
rjnln02,2,56,48,4,2,0
AustinLPowell89,8,22,43,1,1,0
ldskgk,127,142,603,37,1,0
Braves063,72,192,121,5,1,0
JT_newtown,206,137,1131,895,1,0
robin_daniels,3812,3056,2085,852,1,1
gdimona,39,259,13,1,1,1
anitagaspo,237,697,626,107,1,0
jeremybaillie,189,336,711,80,1,0
KenyonLedford,241,81,2257,1188,1,0
ctoney7,71,163,206,15,1,1
glaverghetta,341,699,668,165,12,1
yo_chrissss,189,154,217,35,1,0
philos75pj,51,194,257,33,1,0
R_S_Jackson,206,703,1565,142,2,1
shitheadsean24,85,213,179,21,1,0
JKalinay13,57,161,177,13,1,1
CathieJoanna,934,2236,859,55,3,0
MaukCmauk1,8,28,171,4,5,1
RussTeed,52,84,2247,26,1,0
shemlentrash,53,175,283,19,1,1
PeytonTovey,400,374,732,277,3,1
KihatoAntony,82,236,161,8,1,1
josiefitzgera11,62,363,578,14,1,1
evolutionscribe,1661,522,516,1536,1,1
TylerOwen07,88,140,159,4,1,0
BrandonArciero,145,309,597,27,1,0
TiffNFord,26,121,51,27,4,1
MoIon_Labe,447,331,2671,193,1,0
WinsomeFish,46,319,1502,18,1,1
Nitzey,17,29,197,3,1,1
ptcrquill,81,376,575,10,1,1
BradCromes,595,747,1884,514,2,1
LynnforVirginia,202,449,660,210,3,1
lwoodmansee,138,233,1620,139,1,1
jonsteinberg31,2638,822,1802,2893,1,1
nate19delta,51,115,782,6,1,0
MDAB29,176,730,248,19,1,0
allisonsychang,21,12,86,3,1,1
patbp71,45,165,1781,44,1,0
bonnie_lanyon,4,1,35,5,1,0
auntieclaudine,517,239,2486,185,2,1
_thejp3,121,168,45,10,1,0
blake_0517,8,46,102,0,1,0
SRSUNDARAM,259,2394,1618,42,1,1
CedarvilleNews,686,913,1755,1223,3,0
jylappin,245,198,311,217,1,1
arronv,599,1333,1711,60,1,0
philyd61,3,26,593,13,1,0
ClaudiaCliff,77,536,1403,33,1,1
ConnieAEdwards,390,226,1165,221,1,0
nolachad,110,269,2552,102,1,0
Fintastic4,759,763,1887,184,1,0
jhconway,262,881,336,22,1,1
deathrecipe,117,648,176,14,4,1
JasonADan,59,236,830,117,1,0
U853,437,1109,693,125,1,0
fishone7,6,30,294,11,1,0
AlexandrosSpano,78,522,421,6,2,1
SissyRocks77,3359,4707,368,1682,2,0
andreanasi1,598,268,715,139,1,0
colincody,27,243,90,6,1,0
lynnmchale,427,165,1891,1303,1,0
susanallenlaw,259,707,2050,118,1,0
sarahehunt01,859,1840,1627,652,1,1
jeevaco1,171,343,577,1436,2,1
SirJason777,1,7,54,0,1,0
alyssasinger,627,2243,1057,341,2,1
cwil88,572,1782,648,25,1,0
JessMPendergast,10,34,23,0,1,0
HayleyClaiiree,513,366,620,372,1,1
spartacusryuuou,22,59,498,23,1,0
EmmyOlusunde68,31,98,436,6,1,1
michael_bertone,66,351,122,12,1,1
BreannaCarollo,285,329,2524,302,1,1
SailormanLarry,360,831,322,62,1,0
KohenBrady,35,94,268,18,1,0
realmoney247365,118,441,209,9,1,0
mrsimon_edwards,45,293,118,2,1,0
msmithinteract,1098,1269,2475,263,2,0
TJefrsn,72,107,235,56,1,0
IngaCzerny,707,275,224,188,1,1
P_mathers,26,71,525,5,1,0
BarneyOBanion,54,292,770,16,1,0
jackbartoszek,19,61,109,1,1,0
phonypresident,58,123,725,70,1,0
featuringtimtim,35,95,162,2,1,1
WayneEberly,23,84,48,0,1,1
MJBCru4,503,949,383,25,2,0
NikkiP84,216,817,2289,165,1,1
camitron88,55,143,376,76,1,1
Nietchee,31,35,358,91,1,0
thebambino13,237,715,1859,42,1,0
SpannNotSpam,54,79,283,66,1,1
pinkdolphi,52,564,521,19,1,1
kevarro_,514,450,864,441,1,1
emilyworman,406,705,1954,462,1,1
Sally136E,7,17,312,1,1,0
CamelotPrincess,73,58,1106,135,1,0
jillbails,26,40,251,14,1,0
dkm8890,70,246,267,66,2,0
edwintex,19,125,474,6,1,1
kneller115,1,39,11,0,1,0
marynies,60,124,60,12,1,1
TaterWilliams,257,467,725,238,1,0
chrisbburleson,41,480,121,2,1,0
andMosessaid,115,209,826,10,2,1
CarolynMWright,791,841,1250,817,1,1
cedef13,53,244,299,18,1,1
MicheleSylvest,23,123,110,12,1,0
kurtkispert,171,150,446,51,2,0
LauphingmanMik,29,115,139,4,1,0
RealDrewKeller,1257,1974,2046,193,1,0
MonicaOganes,778,757,1700,372,1,1
Claytonmane,143,201,495,37,1,0
mphilpott0220,40,142,179,4,1,0
GayCurlin,0,3,10,0,1,1
deirdrefulton,763,1614,1292,342,1,1
ncappello13,383,324,2060,500,1,0
twomey_nicole,15,58,253,1,2,0
CFACTCampus,3423,1675,1083,1010,1,1
TateAOkert,497,438,596,200,1,0
EthanRingel,505,610,611,143,1,0
pgs1975,58,418,516,29,2,0
maqsoodbaloch01,75,169,879,120,1,1
tbyrnes0,328,94,1198,191,1,1
MikeyPiccininni,77,300,267,12,1,0
reginaphalange,107,180,1821,37,1,1
MikeGilbert76,201,286,68,67,2,0
waykingkong,451,5002,1110,87,1,1
writermegan,191,878,1575,623,1,1
Hoofin,497,931,2454,155,1,1
classmaverick,27,157,133,18,1,0
gophishing,10,238,259,7,1,0
zaidimaryamsyed,154,378,489,71,1,1
Parse_L,16,69,71,4,1,1
LarissaBaca,602,830,17,15,1,0
alex_norwalt,178,360,1060,126,2,0
canuckwnuck,152,243,35,4,1,0
ShawnLHardy,115,48,147,706,1,0
HDGreg,48,16,57,6,1,0
katerla,180,1662,1009,58,1,1
pastore7,238,410,1114,78,1,0
easydisco,42,169,1217,45,1,0
Nicklarson29,141,586,257,76,1,0
ajboll,97,431,255,39,1,1
RamazziniEric,44,77,250,17,1,0
khriscochran,86,447,48,8,1,1
scotus27,28,154,87,0,1,0
leary_devin,10,54,5,0,1,0
degadep,134,541,176,20,1,0
jeremiahtolkin,37,180,249,99,1,1
AZPesadissimo,32,54,163,14,1,0
Alejandras25,79,125,779,50,1,1
spurgeonsbeard,160,329,213,42,1,0
FranklyFlint,384,749,1201,177,1,0
KirstenSilven,884,2735,1332,117,1,1
_nanyamka,514,812,879,123,1,1
levibritting,257,252,700,258,1,0
kjbrazil,1066,685,2275,155,1,1
tolstoyhouse,169,234,548,113,1,1
MattBonvo,9,35,41,0,1,1
bonacer_eric,7,66,120,7,3,0
OtisPolite,508,2212,2716,84,1,0
saramwebber,115,580,148,81,1,1
Nowifightback,8,18,561,30,1,1
mike_burrell,319,367,1897,211,1,0
JamesIngallsII,118,239,1277,50,2,0
aslack13,271,518,902,74,1,1
Macroshock,47,60,314,47,3,0
bjsprout,59,374,128,1,1,0
Flag_Supporter,7,39,43,3,1,0
Austin_jButler,166,155,121,341,1,0
Pennetta30,115,159,27,2,2,0
lmyoung,130,616,2337,198,1,1
tonya_mcquain,32,45,152,8,1,0
megan_leigh22,721,794,2182,244,1,0
GorgeousGrujic,120,399,329,2,1,0
katboyd12,118,1110,1067,23,1,0
AndyMPT,228,964,714,74,1,1
Smith_b_ih,40,250,494,12,1,0
DarrenBelitsky,1496,536,2909,3490,1,1
RepRubenGallego,14176,2391,1558,30212,12,1
NobleCause2016,9,98,430,3,5,1
Lateef_aimasiko,29,161,346,0,1,0
LegalBlonde2,11,44,112,4,1,0
kevincramer,872,82,1312,788,1,0
tz_103,70,94,561,32,1,0
kishcollageit,367,1368,2575,69,1,1
Ashley_Serenity,21,97,48,17,1,1
ceebs59,114,337,522,20,1,1
Velocity_great,120,329,254,5,1,0
lizahearns,45,280,304,5,2,1
ohiocat77,12,54,157,3,1,1
sarnew35,125,228,405,26,1,1
oneofthe99,529,1862,1145,187,3,1
JerryMorgan7,50,91,216,36,1,0
andrewhtynes,159,548,241,14,1,0
stvrhoades,824,1223,2457,498,1,0
Ronniel58Myers,10,75,556,3,3,0
18colejosh,456,399,642,251,1,0
jpaulek,48,126,127,1,1,1
Alex_Brase,238,206,1865,434,1,1
ZytroftEF,42,115,373,32,3,0
Seanba_,1345,2121,2115,477,2,1
whitehead_s,106,229,546,37,1,1
crusha_32,278,468,1942,361,1,0
gandolf_lori,91,149,197,22,2,0
DivinoRed,81,311,15,0,1,0
flxcrz,1766,2234,33,7,1,0
ChuckSleep,3,596,2268,206,1,1
bizprofit,1614,2146,685,30,1,0
ErikWallenius,532,1863,390,76,2,1
JohnPSchenone,276,1044,174,2,1,0
TristanRoby4,271,445,345,125,1,0
HarryBittker,80,102,211,152,1,1
moiraderoche,1370,2146,1999,480,2,1
VABlue_,1411,796,229,118,1,1
kaechatman,52,191,122,3,1,1
smackalib,57,156,351,43,1,0
johnleestudio,225,392,1160,66,1,1
air_cruze1,229,206,631,56,1,0
gloryholler,36,130,268,5,1,0
KurtRDavis,1352,1262,2292,573,1,0
Petes1800,1028,1360,2511,159,2,0
JohnDaviesTeam,670,1269,1084,56,2,0
CandraC13,222,631,1179,61,1,1
LauraSaysNada,91,189,425,261,1,1
MojipittanNecro,17,31,1356,8,1,0
Debby11212,9,63,11,0,1,1
LordDrBWoT,62,94,43,1,1,0
MrSpookySkeltal,9,27,57,1,1,0
sunil_suri,490,997,1379,471,1,1
dlowe428,624,784,1129,223,4,0
srtaylor6,107,192,245,8,1,1
akemp19,71,258,199,19,1,0
RMChiusa,156,308,1338,52,2,0
yolanda_page,2,29,77,1,1,0
Jared_Smith300,84,157,4,3,1,0
McjohnsonJohnny,23,139,148,10,1,0
zachbomberger,56,231,295,9,1,0
hwengel51,101,279,296,3,1,0
wereinchicago,12,34,14,0,1,1
paul_plr,7,4,54,1,1,0
Vor_entye204,74,268,690,23,1,0
RebeccaNorgaard,44,63,72,2,1,1
jpenn17,264,207,1168,269,1,0
roxxy_bro,653,1681,536,34,1,1
GretchenMarieW,250,732,1756,67,1,1
ganeier1,10,14,21,1,1,0
CarlaShivener,960,2243,2029,227,2,1
ReadDavidCase,1463,933,1216,2432,2,1
JayneDurden,106,152,767,117,1,1
faulkit2,10,64,5,1,1,0
jddchicago,45,113,369,40,1,1
SusanneAnthony5,46,357,265,26,1,0
LeeAnnM360,79,906,381,9,1,1
onetoughmoma,100,139,233,159,2,1
katiewein,4,56,7,0,1,1
KimmiD65,7,64,85,1,1,0
ManUpInc_Usa,141,871,140,5,5,1
BraciglianoR,12,47,188,10,1,0
coptsunited2,11,49,85,0,5,0
GingerGC,460,257,452,414,1,1
afprati,12,47,97,10,1,1
GussTheBuss,235,398,2018,171,1,0
stevenroge421,253,1486,525,19,1,1
bschultzie,809,288,356,91,1,0
tkcamara,32,201,65,1,1,1
Ethan__Calvin,334,721,2193,202,1,0
Turnkey069,85,183,2176,38,1,0
StaceyMaltin,889,1703,670,602,1,1
J_SanAndres,406,604,927,395,1,1
NadolnyHayley,103,318,327,14,1,0
Stephaniester11,29,188,134,6,1,1
cbisgard,228,705,848,80,1,1
TessTessydm,31,405,81,7,1,1
Andrew_AzP,128,355,232,63,1,1
stockinette,27,70,162,5,1,1
TimeyWimey8,26,190,632,37,1,1
Chaldyss,31,39,544,26,1,1
valdostaguy,4,33,19,2,1,0
3murmur,2,42,300,4,1,0
sillEeitaK,574,447,1476,425,1,1
emmydoaka,385,1095,488,6,1,1
hlsteed,304,566,1806,122,1,1
JoeRyan35278298,19,57,87,2,2,0
06larrywalker,1576,2013,1713,463,1,0
brittaynmorse,27,98,518,17,1,1
Specter217,11,22,85,12,1,0
klrusk,225,280,1071,132,1,1
wattziller19,1,20,28,0,1,0
Frandbeast,41,72,199,15,1,1
TTTrey_Hudson,123,150,517,35,1,0
mattlayton1986,70,154,230,29,1,1
Jreed1235,275,409,2856,148,1,0
jaymebyers1971,199,2019,437,8,1,1
RSkjonsberg,820,953,857,616,1,0
CognitionDriven,803,2397,267,61,1,1
CLEARDirectory,68,304,440,9,1,0
BrettLayman_,637,653,717,269,1,0
andrea_blake19,613,1416,203,51,2,0
corlettbenn,5716,6263,682,339,2,0
daedalus317,7,55,131,7,1,0
ProfitAsYouCan,17,7,2956,180,1,0
monethegap,125,327,1977,83,1,1
maddierb,113,169,599,65,1,1
CHNNYC,1251,1028,2487,405,1,1
esselman_andrew,13,30,38,1,1,0
lipmankaren,68,215,1821,21,1,1
TeresaPerryHome,28,91,292,12,1,1
TeenuTiwari,130,480,2082,142,1,1
Jonas4liberty80,57,288,222,13,1,0
JMC_524,20,38,1190,51,1,0
carly119,126,79,1026,31,1,1
ChezSovanni,109,424,219,3,1,1
3ric_k3rr,292,600,1211,239,2,1
JamesWear5,4,25,60,8,1,0
candykirby,10620,1481,2987,6788,1,1
jamiecowart,353,511,1943,321,1,0
ray_peters19,9,30,100,4,1,0
603_401,3,7,39,2,1,0
fndngfthrsfan,551,772,747,60,1,0
JWAdcock,674,643,1791,223,1,0
Chiragbharadwaj,254,1057,1231,77,1,0
readhere,217,732,740,8,1,0
rofobowman,154,215,1482,178,1,1
tharushi7perera,91,118,88,1,1,0
ccllb,25,103,372,33,4,1
m_matthew,2231,420,2305,809,1,1
scottCpitts,144,277,905,136,1,0
megaquagsire,112,517,237,10,1,1
adamdstyle,951,707,2241,180,1,1
Yellow_Evan,50,109,440,50,1,1
dgroser23,499,663,1370,253,1,0
YeOldeCarWashVA,84,122,177,6,1,1
frederickalaw,298,433,441,97,2,1
zivaboy3,25,40,154,14,1,0
GraceNasri,1084,567,1759,389,1,1
J_May74,129,261,1065,179,1,0
Flo711,475,159,970,40,1,1
BellaYacob,331,562,2103,274,1,1
azzabenmosbah,145,1607,158,6,1,1
chtjasalo,20,22,3187,25,1,0
sdea92,277,885,771,108,3,0
kbwls46,18,529,513,7,1,0
Chebon,691,1473,1283,322,1,1
elizamacd,199,363,1906,225,1,0
_oPure,335,68,1947,257,2,0
WesternYouthOC,228,763,637,113,1,1
OmenFrosty,175,516,1608,44,1,0
Letabug260,50,134,296,26,1,0
erhiancheong,543,1410,2057,353,1,1
jd854200,1348,1440,578,83,1,0
NVaTPOrganizer,1295,2375,865,97,1,0
greg_breitz,825,1204,553,81,2,0
Jordybrett,194,225,996,350,2,1
CharlsAriwijaya,176,375,2515,29,2,1
tcb_today,48,325,157,15,1,0
jillagogo,55,194,358,40,1,1
CoCo2o2o,510,886,1008,265,1,1
charli1320,35,130,307,23,1,0
SwingRightNews,36,477,37,10,1,0
electstevemeyer,187,551,287,82,1,1
DWMagann,510,836,960,106,1,0
VRWConspirator,150,589,176,16,1,0
barblehmansmith,226,327,604,67,1,1
JohnDurbin,1499,1714,2688,512,1,0
mdouglas1313,324,431,527,533,3,1
ScribeMarjie,2816,3267,611,95,1,1
LeRoyalParker,191,282,556,9,1,1
moon3stars,57,409,78,7,2,1
dell310,17,43,305,37,1,1
dongray310,42,155,173,20,2,0
KevCKing,616,647,2137,388,1,1
keelorama,166,393,392,29,1,1
s2bee,1121,1270,2918,1362,1,1
BooksNook5,59,368,193,18,1,1
BuildingUSADon,26,81,227,36,1,0
PETERCOTT1,28,469,173,3,1,1
Dianalela7,70,371,280,8,1,1
NickyHorne,4266,1145,2130,2617,1,1
northshorequeen,27,142,151,52,1,1
wileysee,13,74,383,46,1,0
WiskTheClown,3,10,133,0,2,0
lisamckenny1,81,425,202,12,1,1
Bethlongnola,1462,2366,527,66,1,1
LouJo_Teal,55,169,76,0,1,0
paulskinnerFL,1081,3269,1303,304,1,0
copyjill,253,423,228,83,1,1
PencilCase86,230,604,153,53,1,1
jsente4,190,1043,2084,197,1,0
KimKMPH,875,481,1075,1348,1,0
ArianamSolomon,55,280,489,8,2,1
MedfordBilly,4,19,185,2,1,0
Mike_Chakiry,160,218,988,45,1,0
TammyMcAnally,158,443,608,56,1,0
mcogb3,816,605,1513,499,1,0
yrlbiz,61,177,159,7,1,1
laura4116,52,377,268,4,1,1
DavidYassky,2080,372,1288,697,1,1
occasiotarian,143,267,1492,48,1,1
HamptonBHampton,3376,3241,2727,1005,1,1
SafeSHOOTny,232,541,82,18,3,0
UniteWomenKY,1032,1017,2798,1117,2,1
rhaki98,3,35,89,2,1,0
hbgilchrist,44,177,167,3,1,0
ClicheByNature,118,1058,678,45,3,1
rhianmilena,444,1500,198,4,1,1
robert_vining,76,520,354,27,1,0
zach_hayes28,211,230,315,213,2,0
Kristenblue,40,137,161,49,1,1
MaryGleason2,10,66,3,0,1,1
Shimmergloom21,146,61,1509,81,1,0
UniteWomenMA,1009,632,2518,951,1,1
Gunspurs,77,210,264,52,1,0
rgomaniz,21,91,345,22,1,1
JBaker31826004,32793,30001,259,8275,1,0
VoteTara,665,724,361,147,1,1
nyctrojan69,202,671,1344,108,1,0
davidwcovington,11406,10575,2351,5471,1,1
Henderson1317L,56,106,124,5,1,0
whittelw,381,986,911,50,1,1
ojtheawsome5,59,458,98,6,1,0
Sir_Danforth,37,53,139,1,1,0
edutcorp,46,166,83,19,1,1
mikey2cool2,8,71,418,10,1,1
QVWCmelb,146,185,158,78,1,1
blake_burgess1,191,183,69,44,1,0
connorbavedas,496,67,1543,106,1,0
krobmeh,119,228,845,104,1,0
gordon_ike,1972,2615,1560,276,1,0
RantsByGrant,17,91,133,5,1,0
BobWUWF,419,200,1052,507,1,1
GeorgeWolfe3,195,554,323,17,1,0
RepVisclosky,8072,1077,1454,2087,1,1
Cpnick22,288,551,1334,149,1,0
seanbevilaqua,48,130,178,3,1,0
MarlaHoehn,45,91,420,52,1,0
ConnerKailey,171,425,304,8,1,0
wwtcorp,2017,1852,132,237,2,0
ThomadroStudios,388,745,1802,342,2,0
anyalake,75,148,421,36,1,1
LauraECochran,160,443,841,6,1,1
Adelp88,15,46,191,4,1,0
jonwolinsky,38,79,14,1,1,0
andynolch,137,469,599,20,1,0
luise61088,17,61,137,19,1,0
SESocialJustice,73,484,399,4,1,1
OmanoE,1371,454,1121,1539,1,1
56TerryL,39,89,33,0,1,0
megkhawk,362,252,166,118,1,1
CaliforniaNOW,7337,536,2388,1625,1,1
loveocmd,50,221,277,53,1,1
she126,19,106,100,6,1,0
SelmanDesign,166,294,167,93,1,1
azmachman,330,441,435,158,1,0
HUNTER54,125,528,67,9,1,0
ShiraPiven,953,631,634,453,1,1
Waresmartha,7,84,168,12,1,0
lateandsoon,2124,507,3110,336,1,1
tarbel,1199,1031,1942,470,1,1
Politicalgamer9,13,77,206,13,1,1
traveloutloud,743,1240,2981,120,1,1
pegginggf,27,131,221,5,2,0
markt001,1172,2022,1224,328,3,0
jallen300,897,966,2815,891,2,1
SPEAKAdvertisin,1653,470,1349,936,1,0
olajidefemi60,60,236,122,0,1,1
Ryan_weber1,75,193,676,29,1,0
AbbyBRaines,93,241,407,187,2,1
lilhagen23,39,487,56,25,1,0
dougatcfi,54,117,214,26,1,0
captain1ma,43,73,158,9,1,0
bigaustin619,18,43,344,20,1,0
MTSII,180,270,164,22,1,1
LisbethGCF,208,265,187,68,1,1
mregan00,122,956,146,17,1,1
AedinMoloney,535,539,509,258,1,1
Daniel_Latch,75,199,1046,10,1,0
hvonnagy,59,172,72,5,1,1
cinkeith,139,289,425,71,1,0
yearningtolearn,96,458,338,13,3,1
yobulator,43,377,139,14,1,1
cagreenfield,117,370,425,11,1,1
PressedEarth,35,74,392,9,3,0
alleyKatsCorner,649,1831,2272,240,1,1
AznGunNut,2,12,8,0,1,0
RubenDColon,127,160,152,13,1,0
AmberNeedsSleep,226,236,665,118,1,1
LaferjensenOlaf,378,316,314,120,1,0
ronaldreggin,95,94,134,48,2,0
RunninBarePDX,98,442,181,5,1,1
Vernonsinger2,11,52,7,0,1,0
mshell1946,18,49,60,7,1,0
hyddyr,82,383,640,29,1,1
bronwyneaton,350,867,978,42,1,1
lairbay,17,313,431,9,1,0
alexandrap529,510,617,1925,120,1,1
__conni,108,95,1635,314,3,1
smuckers03,47,185,1868,0,1,1
vcchen,43,30,2944,137,2,1
gabbysmullen,213,237,1032,313,1,1
lmcook,76,427,280,45,1,1
DrJanPeds,906,2931,324,116,3,1
kute_kell,31,189,182,18,1,1
ToniPreckwinkle,12457,683,2767,5129,3,1
BettySayz129,12,64,52,7,1,1
LanceArthur,415,492,2292,183,1,1
Trdb,63,412,215,2,1,1
CariDick,154,336,260,32,1,1
scjenkins714,9,22,7,0,3,1
AdrianaBriscoe,340,194,702,330,1,1
cworl00,7,43,324,13,1,0
JeanValette,233,610,1817,318,1,1
_GMan,1023,2489,2088,158,1,1
sschenk91,38,182,501,59,2,1
theideaguy,131,109,377,31,1,0
sasquatchsax,35,82,614,37,1,0
alsingleton_,95,106,24,34,1,1
jacob_Ryder9,275,115,918,123,1,1
Annie_Husted,124,420,90,243,1,1
EvanWilleke,129,222,64,11,2,0
Marcia_Brown9,471,569,1089,410,2,1
allthingsfoodie,94,403,2886,11,2,1
tmolledo,1548,1618,2212,256,1,1
FORTINOME,158,1966,1175,11,1,1
GiuntaLou,98,178,437,49,2,1
rickwasmith,488,453,1041,685,1,1
saraphen,615,781,1426,101,3,1
sirharryevans,3486,519,688,664,1,1
sweetophelia_,409,445,652,91,1,1
aranovr,86,223,438,9,3,1
akoeni,713,620,938,163,1,1
paaronson,5,9,9,0,1,1
MickDermott,282,1496,196,21,1,0
HastingsforIL,2147,1503,595,517,1,0
EFarry,274,788,2072,164,2,1
TheRustyRifle,2662,2524,2302,673,1,0
GeetaKerawalla,34,315,143,20,1,1
margieoblack,41,67,118,2,1,1
jhp2,311,759,2115,62,1,0
alifeyoulovenow,1851,2153,2832,228,1,1
cathgrimes,3302,1539,690,627,1,1
Madodel1,50,139,396,37,1,1
firedancerlms,36,88,273,22,1,1
Cthill531,17,126,65,4,3,0
EKnoxMarsh,306,1186,278,35,1,1
lauraamcgrath,494,2154,390,34,1,1
jillboulet,170,348,597,45,1,1
MWoodsFranklin,155,96,292,195,1,1
zeeksti,128,521,35,3,1,0
All_Beans,416,1249,2157,97,1,0
TonyRera,121,397,94,1,1,0
pogopod98,174,414,562,27,2,1
edwardv46,87,222,1438,23,1,0
CharleneCariou,43,246,68,31,1,1
w666fer,162,1202,580,76,1,1
jcamden,1475,106,1302,945,1,0
MelissaNiksic,1238,1995,2506,285,2,1
Megan_StarAuset,46,181,120,2,1,1
Stormyleewolf,21,166,2138,7,2,0
SarahJBeesleyMD,155,319,134,15,1,1
jamilaheadley,510,609,333,309,3,1
CalMcDuffie,116,170,2147,63,3,0
CBJmemoirs,46,229,299,12,2,1
jenniolivo,111,139,890,217,1,1
AdamLanghorne,169,842,2037,56,1,0
lenanghai,74,139,84,1040,1,0
chrisharrisment,1206,3105,3098,793,2,1
4Luke18,49,198,3036,132,1,0
TIME_FUZE,38,37,76,12,1,0
codegirlchicago,1559,2649,1612,252,1,1
Gillyegz,268,627,243,48,1,1
gskpin_kathy,172,397,538,109,2,1
Bachus162,3,13,12,0,1,0
onetruepatriotl,246,633,20,4,1,0
niccage9,193,697,341,11,1,0
RaineMcCauley,73,161,386,8,1,1
krlambo,25,196,21,3,1,0
MonNaz,109,643,231,77,1,1
roblation,615,454,2329,332,1,1
mathisldm,499,1024,1677,61,1,1
S1Erra,1,25,94,3,1,0
MidniteOasis99,878,816,441,250,1,0
HSchmidtHappens,117,603,313,145,1,1
nshinar,25,125,69,31,1,1
GovPub,1037,862,779,596,2,1
Dr_RocioH,304,810,615,228,1,1
EitanSaban,1059,440,2722,4278,1,1
RyanCostelloDig,2148,1165,1654,258,1,1
anne_tucker2,122,165,402,74,1,1
Ginger_Sheridan,492,2436,2478,134,1,1
jennyshaw97,497,530,273,691,1,1
hlorenzen,3634,4055,1835,450,1,1
CnterMassDesign,6,25,34,0,1,0
darmoo34,9,27,107,30,1,0
stlcountyNAACP,1285,697,841,848,1,1
saybyetoday,13,160,99,2,1,0
AlexShoe0,86,142,78,20,1,1
dermatophyte,74,89,226,60,1,0
Stevenesp1,1138,1741,142,17,2,0
ranielwy,455,579,603,396,1,1
NicoleAlie,112,402,1321,246,1,1
desma_mitchell,235,689,1518,62,1,1
kimodonnel,5831,3970,2124,1428,2,1
SheerVraHock,26,185,282,8,1,0
quillerm,52,878,2208,191,1,0
NNwogbo,220,178,601,52,1,0
CityMakeupLoft,750,3703,363,49,1,1
isa_schmidt45,26,127,49,1,1,0
mondoam,55,259,508,10,1,1
JeanFordmus7ang,9,36,9,2,1,0
TriumphalP,694,536,809,94,1,0
BittrTiwttr,7,139,16,2,1,1
sarakd1011,31,344,299,11,2,1
antbarbieri59,415,781,1135,176,1,0
andyeford,217,541,154,9,1,1
JeremeW,127,227,604,20,1,0
LogCabinGOP,11195,898,1570,14301,3,0
Wadouthit,28,122,79,3,1,1
tianrossi,126,135,465,57,1,0
k_alanb,15,45,28,0,1,0
bryonylorelei,207,494,1071,469,1,1
menmisery29,322,780,569,7,1,0
CindySThomas,537,1283,899,873,4,1
asteward77,106,508,874,17,1,1
RepJamesSmith,4839,1595,1377,2767,1,1
JDKeene,51,798,760,28,1,0
OwenFasterfrogg,43,115,310,106,1,0
HRF12,647,2023,1573,371,2,0
RonalGamez,700,569,627,84,1,0
emilyeaxelrod,1142,2344,1139,114,1,1
Rod_Boston,1462,400,1985,964,1,1
youngmin_yi,302,167,1955,489,1,1
wv_lacey,51,516,321,12,1,1
GannonBreslin,206,230,745,279,1,0
teaguehyder,9625,790,670,92,2,1
curley235,275,220,1121,158,1,0
RosenblatLaw,129,53,1039,27,1,1
thefakelindsaym,47,454,279,27,1,1
cmbutler15,133,372,255,24,1,1
ChaosRu,385,598,1944,67,1,1
Jennjackson74,23,152,67,4,14,0
CheeKy_Cher,58,383,438,42,1,1
tokcolima,204,736,329,21,1,1
BradThat_Lad_,236,196,2167,237,1,0
Bsmith53095634,11,36,73,13,1,0
eshennessey,192,287,164,18,1,1
DawnReevesDC,379,715,157,9,1,0
rainbowherald,159,251,953,12,1,1
jeremyhrussell,60,232,579,50,1,1
Usfarmcop,27,140,226,2,1,0
eternloptimist,433,815,2412,411,2,1
kaiarack,25,207,35,3,1,0
darchambault,13,158,60,6,1,1
Lj_maloney,607,1486,309,117,1,1
fulvaleona,39,225,555,36,2,1
karinabeck,10,205,354,8,1,1
AmdreamRealty,30,123,282,4,1,0
TigerNewYork,177,1023,262,10,1,0
JacobP_BG,181,646,67,10,1,1
Cazeno,57,68,94,3,1,1
state_fromjake,105,123,314,41,1,0
ROADwomenTX,499,323,1368,575,2,1
Alkixkix,7,66,175,6,1,0
AngstyShithead,5,46,39,2,1,0
mferral,151,269,409,34,1,0
bfarrell651,1390,1888,2559,13,3,0
67SSRat,31,143,393,34,1,0
jacobbbale,40,59,125,7,1,1
wandrfl,30,46,200,11,1,0
katiecolburn,74,94,118,29,1,1
mailtbird,394,695,761,42,1,0
Adam_Gutierrez,510,797,1805,31,1,0
taterspud1,6,7,93,2,1,0
wordspooler,78,419,63,21,1,1
rtcards,931,1837,2089,16,1,0
OllieHays,717,1511,758,113,1,0
devinmchl,6,41,19,2,1,1
PaulCallan,2641,1518,1412,1267,1,0
TheAmandaFlores,478,2103,2229,216,1,1
BadenpowellA,10,17,44,0,1,1
Verse_Shom,557,477,1511,297,1,1
KollinKirby,1,48,302,44,4,0
DaltyFacialHair,107,252,58,2,1,1
kjp06,36,190,253,19,1,1
runspeedy18,328,915,1754,400,1,1
jgoetz64,486,750,974,424,1,1
Vnesci01,50,860,126,0,1,1
MonaroseRyan,180,814,1148,92,1,1
RenaeAwesomeVA,69,212,39,0,1,1
JoanVonArc,33,107,452,118,1,1
clmbernard1,209,806,2947,86,2,1
E_Train76,140,1065,1061,61,1,0
CaraGilger,97,243,65,11,1,1
tulipfrench,85,162,601,161,2,1
KateERyan,91,132,939,20,1,1
cathyzeph,45,138,17,0,1,1
drjdu8,26,121,149,4,1,1
crabcakegranny,319,1394,1060,55,1,1
10producerannie,207,401,951,255,1,1
IsaacLozano1995,34,125,136,1,1,0
bleutigredancin,47,173,702,51,1,1
obrienseanp,134,297,211,30,1,1
SelvonCassandra,4,7,19,3,2,1
IreneToyo1,146,983,233,3,1,1
kessyzeebird,177,883,1021,75,2,1
x0LifesGood0x,10533,498,1645,704,1,1
farrarrs,34,139,106,3,1,1
Miscianna,22,187,207,11,1,1
Bocachicagirl,205,1522,440,52,1,1
Zakkai,638,1196,1264,1447,1,1
msquaredtweets,520,2106,709,27,2,1
dcjefferson,188,242,234,33,1,1
Frizzbiscuit,124,940,894,107,1,1
KarenSchleimer,41,111,422,15,2,1
christo03475578,32,97,76,0,1,0
ATPNC,472,2015,916,7,1,0
Vauxhall02,84,303,686,51,1,1
AndyReaser,33680,1811,2181,6639,1,1
Maria_Wilder,478,1157,929,187,1,1
KARENTIGHEIZZO,220,316,594,17,1,1
MEllen_hi,142,96,99,49,1,1
shempstielhope,212,367,2783,60,1,1
R_McBurney,378,516,1123,173,1,0
MBevMorrison,28,221,158,6,1,1
AmericanBorn_,54,206,993,59,1,0
teel_melissa,307,399,322,737,1,0
TraumaCamp,223,705,242,51,1,1
Eric_Phillips_,393,685,904,105,1,1
DrTTGreen,373,517,1311,312,2,1
queenglass,1400,3339,964,19,1,1
leigh2503,10,288,9,0,1,1
LizinBoulder,86,368,104,8,1,1
Mac8791,37,73,221,32,1,0
Fabionsays,320,1537,1358,416,1,1
Donnadol,34,98,119,9,1,1
Lanipondering,248,455,654,73,1,1
jenstaz,26,120,183,13,2,1
Hippi1960,333,338,1855,279,1,1
Snuffy79,315,2025,44,34,1,0
willsimpkins,832,846,2014,1017,1,1
WalterVoter,22,113,154,0,1,0
SalemWitch65,38,120,694,27,2,1
romeh,1163,1109,2301,291,1,1
JamesRichter25,215,404,450,27,1,0
cg505_,126,208,651,169,1,1
ByronGBell,31,155,58,1,1,0
dbnpirate,3,37,110,2,4,0
METIMEJobs,555,551,193,94,1,0
ingaingulfsen,192,556,65,50,1,0
Jaudath,40,96,32,3,1,1
CCNSunrise,684,891,1835,194,2,1
BrendanPHughes,449,540,758,138,1,1
honkamania,3,45,27,3,1,0
kschowal,23,68,94,6,1,1
kristysuz,25,66,493,12,1,1
kelseyg123,188,414,2444,110,1,1
leslywritesalot,160,200,1563,146,2,1
WarrenNMurray,518,481,2980,379,1,1
Lexion770,473,1004,740,271,1,0
dhuman,1505,744,2778,480,2,1
jmbrown85,164,1574,341,19,1,1
watermapped,216,921,556,50,1,1
tully2316,27,268,30,22,1,0
BuzzWeedle,18,35,143,18,1,0
DavidBangsberg,1158,464,670,528,2,1
loudertogether,5019,592,191,279,1,1
LucasInc3,233,319,709,145,1,0
Kinetic_Passion,96,497,2256,95,1,1
katag,286,206,2799,180,1,1
suubi38,30,119,953,27,1,0
OmnicamCorp,1,1,27,0,1,0
Spread_Shots,607,1542,45,93,2,1
pls617,6,43,179,10,1,0
dawglover1983,301,205,1819,76,1,1
ktylerconk,128,480,524,15,1,1
WRRadioPat,608,706,317,23,1,1
SjSoble,96,421,561,33,1,1
davidhayward55,25,95,103,2,1,0
RPorter1951,2,87,298,4,1,1
eric1gucci,11,193,443,1,1,0
srpoland85,55,490,654,63,1,1
tflott8,76,448,731,58,1,1
TywannaM,122,113,3124,16,1,0
CourtneyGreve,398,860,642,221,1,1
afthealthwire,174,488,282,67,2,1
CharlotteCanni1,555,1148,160,104,1,1
Dr_Batz,41,161,4,0,1,1
sotea28,860,2465,401,22,1,1
JamSedge,7,37,162,0,1,0
nickhodson1,38,106,311,2,2,0
SpeakerDeLeo,6336,2024,719,3288,1,1
Patty49er49er,63,203,247,27,1,1
JaiMehtaMD,100,242,80,4,1,1
rhqjr,22,100,205,5,1,0
JarodMboumb,18,13,272,1,2,1
JimMillerfg1,80,221,507,2,1,0
UppityTheatre,67,96,272,118,1,1
ssavett,792,752,1387,1089,1,1
sirizuphil,21,73,32,0,1,1
beaisaacs0n,451,313,2334,693,1,1
IsaiahGLAC,38,87,282,34,1,1
pineaire7477,66,161,100,4,1,0
smdabbs,454,453,1829,354,2,1
Alflamont,1576,1262,2094,704,1,1
emilyyyse,116,206,475,92,1,1
DaphnaHarel,133,224,366,76,1,1
WeBeFinesClass,57,141,945,57,1,1
CarolynCpcraig,461,1062,324,148,1,1
cassie_smith153,275,1158,396,106,1,1
CliffLill,259,956,497,8,1,0
cutieirish,18,144,18,0,1,1
psycd,163,261,1140,21,1,1
Jmhrbh41,79,233,208,9,1,1
William94043679,3,21,140,2,1,0
leahleighc,23,91,83,42,2,1
ConduruNews,241,511,423,38,1,1
thierryspecter,374,764,924,42,1,0
earwormopera,133,144,2629,102,1,1
MFinnertyLNP,273,337,1640,467,1,1
msbeckyconejo,152,479,2474,230,1,1
noh_bro,308,269,1098,853,1,0
terodowd,15,66,67,2,1,1
BarbaraNecker,309,684,1118,101,2,1
jennybonk,476,1198,299,48,1,1
dsteinle91,268,696,341,89,1,1
AllieCarrick,621,856,1642,273,1,1
Kcoh_,213,394,189,243,1,1
justhman,265,811,1595,106,3,1
lerndelrey,382,480,522,293,1,1
cross_gerould,53,349,760,5,5,1
ITS_not_a_trap_,82,244,609,19,1,0
lkazakoff,1972,941,2242,1468,1,1
fritzcarol,392,749,1458,236,1,1
JamieSouth1995,197,526,118,58,1,0
NomadicMeg,189,495,846,50,1,1
esvisualstudies,147,338,673,145,1,1
Leader_Tweeter,434,339,1176,335,1,0
GiAr_and_NiAr,22,117,54,3,1,1
Sonoma4Hillary,115,119,67,25,1,1
lizziebeth31,85,110,88,16,1,1
dr_reynolds1,56,175,389,10,1,1
RajMahal2010,601,1203,938,263,1,1
gallupingcougs,208,773,947,64,1,0
nataliecben,174,138,975,219,1,1
HannahMachlin,235,592,264,138,1,1
MaryShine5,133,207,330,450,1,1
APCantillo,339,403,468,361,1,1
katemaryj,180,582,2633,276,1,1
TimCrino,278,563,1185,87,1,1
rebekahfrancish,146,497,2135,228,2,1
KarunChandran,41,103,114,0,1,1
Tha_Heir,181,911,2559,152,1,1
deblane54,18,113,110,9,3,1
EvanTJudd,133,258,539,23,2,1
IvoGary,419,1135,381,56,1,1
1953jwb,1953,2243,262,107,1,0
Jakers,131,136,257,8,1,0
LLOLLAR10,33,102,112,3,1,1
michaelsugs,514,524,1195,434,2,1
drgpn,769,2116,299,23,1,1
astrid2690,47,207,157,10,1,1
DiFel1ceantonio,87,106,38,14,1,1
magnifymovies,26,81,44,1,1,0
matthewefrench,34,93,38,2,1,0
Fr0stySn00ze,56,229,942,27,1,1
PamelaP00052150,6,86,259,4,3,1
JuztinThyme,201,262,535,63,1,1
PublicNarrative,4213,2301,1510,1080,1,1
Ay_shel,188,187,2604,61,1,0
FalexanderFiona,139,1042,398,102,1,1
fcydems,1047,336,451,369,1,1
okiedave,65,53,796,12,1,1
TLHartsell,127,170,718,84,2,1
HoseDraggerLFD,1563,2056,1406,441,1,1
DwayneKonrade,296,880,676,30,1,0
SmartMX,454,1075,339,303,1,1
MissMajestical,175,820,357,42,1,1
Lquinn1965,33,175,214,19,1,1
only_2_gender,3,9,48,3,1,0
cowboymusicbob,9,70,13,1,1,0
CommDevCatalyst,134,119,246,119,1,1
RobinGlover,1071,704,1183,227,1,1
CraigSutherland,124,352,444,191,1,0
DannyTreeHouse,75,315,112,20,1,1
cusmp8,41,122,159,16,1,1
thisisteddy,2373,649,2579,861,1,0
Grumpy434,178,239,787,11,1,0
mbolanosperez,155,405,125,33,1,1
jenn_mattison,53,188,63,2,1,1
cowdoc,19,78,118,17,1,1
SPARRTOURS,195,462,97,0,1,1
Shahislam20,281,1635,1346,12,1,1
OlzonJan,12,233,907,7,1,1
ifperry,841,2869,334,27,1,1
rentapartmani,890,1151,1057,72,1,0
MH71NC,153,308,46,58,1,0
pauavil,344,471,157,111,1,1
4pawedblonde,15,98,64,2,1,1
Transimonial,11,70,150,4,1,1
SN_Rawit,140,95,2277,152,1,1
cmickelsmejia,2025,1996,2322,338,1,1
jorjor42,248,355,1917,80,1,1
KerryClose,1109,874,1051,823,1,1
fianxu,2719,685,2549,1395,1,1
WickedzWayz,23,111,61,3,1,1
UMdeaconJulie,1239,1608,2771,555,2,1
rand0mhandle,2,11,5,0,3,1
KarenRusen,51,280,118,11,1,1
sarahbertness,670,711,2364,813,1,1
PattonRmp9,414,265,318,215,1,1
ThomasK73883286,15,105,61,0,1,1
TBTimesFeed,761,1967,2060,883,1,1
aprpatriot,36,3,584,7,1,0
carmensmora,80,347,2,2,1,1
MarieGillibrand,109,459,124,5,2,1
LianaPA_94,197,247,2369,303,1,1
Isauro_iii,22,150,13,0,1,1
MikeGalos,479,1391,1646,162,1,1
XEpicProdigy99X,4,10,79,2,1,1
SharEverest,16,80,11,1,1,1
KevinEGraham1,712,2215,207,12,1,1
HowardEason,96,165,807,69,1,1
rubin_angela,353,516,440,259,1,1
ccortes10,153,499,1454,23,1,1
dethkillers,1214,1996,716,170,1,1
Lindstr7,21,579,123,10,1,1
jpcollinsjr2,16,102,8,0,1,1
jessicatwhistle,15,48,264,42,1,1
cynmac07,667,2408,1997,132,1,1
AlexanderSaka,37,134,43,1,1,1
tricky_johansen,43,108,1599,57,1,0
suchite_roger,484,879,735,108,1,1
ljblueeye1,58,67,352,146,1,1
royjohn316,12,74,282,2,1,0
Tiveeda2DC,111,220,450,162,1,1
pascha_scott,34,101,65,8,1,1
JessicaJayhawk,390,1239,313,37,1,1
pikamaster13,66,182,263,12,1,1
deanna_deese,47,108,433,33,1,0
jaffeps,888,1543,1720,615,1,1
jaredarchuleta,401,311,1046,368,1,0
KrosNest,294,1042,2394,154,1,1
TigersBloodThtr,776,2675,290,22,2,1
bhollaran,64,177,1490,105,4,1
RichHerencia,13,33,256,11,1,0
Nate_TheGr8_,126,695,685,75,1,1
AnnaTheaB,355,1035,304,134,1,1
HRCAustin,1050,196,1717,468,1,1
Anastasio9,367,604,1870,370,1,0
THurrikane,65,239,298,19,1,1
electa_3,365,857,260,27,1,1
wmodder,422,450,527,310,1,0
obriggs,153,150,177,39,1,1
rhorrigannn,102,92,684,106,1,0
LauraMW23,1230,1115,604,28,1,1
drlanders16,13,48,35,0,1,0
LabossJT,0,24,3,0,2,1
tcmorrison,480,2157,1086,149,3,1
FollowedByBars,608,1587,3136,12,1,0
FamBrandTV,728,12,376,16,2,1
nmcrowe1,26,107,63,5,1,0
caphillchamber,2610,1281,1092,613,1,1
mdjacksondallas,9465,9962,257,561,1,1
marcimpala,859,1656,2479,257,1,1
Amy_Blaschke,294,578,271,142,1,1
tsig912,172,724,210,158,1,1
PsychMegz,1177,2977,1756,579,1,1
Glenda_MariaDA,359,470,854,1452,1,0
ckoett12,263,408,1465,197,1,0
blue_skyz,450,1247,713,18,1,1
aimee_cisler,142,440,1537,90,1,1
KeishaBottoms,2439,516,442,740,1,1
Beccathebard1,50,339,127,6,1,1
craigsocal,33,280,324,2,1,1
butterfly17552,10,84,5,0,1,1
aplerhoples,377,409,569,214,1,1
GADunne,45,398,127,7,1,0
MoreBruceWriter,77,290,209,345,1,1
Skarlet97,20,157,296,115,1,1
dks4211,273,798,581,14,1,0
ESilvermanMD,175,245,136,73,1,1
HobdyforCobb,35,90,14,2,1,1
SholehFabbri,866,560,2708,985,1,1
beldust,30,131,1035,5,1,0
HillaryForSale,21,13,88,120,1,0
EssRy57,75,388,533,54,1,0
profcindyv,385,472,454,179,1,1
gutobr_or,157,1040,612,49,1,1
LindaKang3,18,36,5,17,1,1
seanb712,309,402,2853,480,1,1
skdreyer,17,86,26,3,1,1
runwinekatie,387,332,2743,217,1,1
Inspiredca,311,672,314,138,1,1
LadyAtL04,223,380,878,31,1,1
aimechat66666_c,71,474,312,11,1,1
Koerper,64,187,221,14,1,0
LeahMeyer20,7,7,3,0,3,1
NicoleGaddie,777,835,935,246,2,1
frostyboy22,13,63,2,0,1,0
Scottish_View,326,1800,1184,213,1,1
JulieFrancella,22666,1331,1649,3316,1,1
_rosecollins,611,611,2509,397,1,1
enerjoyce,262,717,492,90,3,1
princechisomna2,12,130,396,1,1,1
jeffsmithdesign,65,201,60,0,2,1
mrs_pattydook,43,102,78,5,1,1
Andrew_Ayala,59,193,144,73,1,1
alduring,97,171,754,380,1,1
alexandra_mc_d,143,836,2181,55,1,1
KateeMW,198,407,405,15,1,1
hawaou2015,23,165,42,7,1,1
BraydenSegat,226,224,648,146,1,0
namreb,63,233,148,20,3,1
dmarin62,164,169,290,109,3,1
debcoinc,72,178,1173,30,1,1
DarcyNendza,127,650,63,15,1,1
azawtc,311,632,252,26,1,1
LanceAston,135,345,457,32,1,1
carolyngolz,2126,860,2731,499,1,1
imanileeinc,134,450,743,30,1,1
GospelLady14,148,683,366,118,1,1
DonRichie_,49,334,97,20,1,0
ThisIsHeidiB,508,607,2452,850,1,1
dotanh,793,587,1342,10932,2,1
chelseylew,584,790,2983,814,1,1
isadorehall,6811,1291,1816,3711,2,1
JTFetch12,515,261,1351,603,1,0
elllyroosee,333,297,300,188,1,1
tinaalex,810,686,876,61,1,1
tarzansgrrl,1864,358,2045,1110,1,1
MeettheSellers,294,760,435,4,1,1
nickrider2000,4,9,29,7,1,0
dj_streetz,78,231,212,24,1,1
justinspage,1059,1198,2524,184,1,1
kathrynfleisher,548,581,764,480,1,1
jackiemsu,101,110,78,45,1,1
nickeywas70,3,29,26,0,1,1
MARegier,282,612,2420,174,1,1
veeveetherebelz,10,38,30,3,1,1
rich_lsg,2,195,79,3,1,0
aml4k,19,72,16,2,1,1
ldc813,13,291,77,5,1,0
MessyBunsRoses,483,473,2803,222,1,1
djchristopherb,1115,2681,523,50,1,1
baktobasicz,58,170,169,28,1,1
Daryl_Anderson,141,51,123,26,1,1
VicVaughnMotion,433,897,616,159,1,0
mrsmock16,162,231,1496,148,1,0
MichaelRBelote,1299,1713,2084,144,1,0
SenGianaris,4748,515,2495,3375,1,1
michdel2,6,37,94,4,2,1
BethDoctor,594,855,792,349,2,1
ParchedPlanet,478,1209,497,90,1,1
MsAlejandraS,288,913,1175,62,1,1
marytodd,55,91,754,71,1,1
DozackB,24,73,87,4,1,0
Polygoncrazy,481,572,2816,85,1,0
RITreasury,1628,245,346,663,3,1
kellylren,207,373,837,47,1,1
sumatra36,1264,2529,724,46,1,1
kimbercoast,195,1321,145,52,1,1
stark_talk,364,421,622,528,1,1
Stephanie_Stark,2448,2215,2126,338,1,1
NYUWagner,6366,1018,2202,1618,1,1
KathieMainzer,294,459,334,142,8,1
MikeColling83,13,157,40,1,1,1
danacfinley,930,550,2570,68213,1,1
gggriffith,29,323,517,32,1,1
rfstagni,637,1342,2183,280,1,1
annieabr,25,89,347,32,1,1
aimeemax,121,380,422,23,1,1
DMarlow64,65,132,664,146,1,0
CSAppel,159,223,442,130,2,1
amendalex,663,973,1088,212,1,1
winspeak,469,669,2708,177,1,1
AngelaB17,137,294,210,16,1,1
kellybg479,87,546,151,19,1,1
LeanneEbenLewin,80,614,789,4,1,1
AngelaScott_212,285,698,492,22,1,1
Mariah_Craven,1034,1984,1849,604,1,1
tweetsforjackie,368,797,764,62,1,1
uscjoe1,5,9,59,1,1,0
Jarrel102,41,348,23,2,1,1
RobertJayRoss,529,1054,745,316,1,1
MerylHathaway,2053,778,2436,974,1,1
WebbKristen,900,1869,318,18,1,1
rrrayrray,177,733,1568,104,1,1
leaftweet,220,577,1430,82,1,1
sarhowboz,822,590,2080,326,1,1
inkandfolly,368,489,2702,138,1,1
stevebuckfl,753,1181,2794,125,1,0
ziggy_n_va,358,2383,1048,86,1,1
buckeyebell1978,27,160,115,10,1,0
josephsawa22,883,2021,249,16,1,0
SunsWestApparel,1612,2441,2776,259,1,1
ginnyfahs,372,325,378,60,1,1
quiteemily,42,239,56,3,1,1
LauraDern,44936,134,250,6923,2,1
swhin,260,451,1098,108,1,1
Lovelifeandwine,400,514,724,77,1,0
poozy,443,1279,2182,229,1,1
NellieEber,49,202,19,0,1,1
MintMilana,138088,1481,2131,18443,1,1
johnjflynn,179,420,907,51,1,1
bits585,69,237,1029,32,1,1
dneeb768,36,297,130,5,1,1
MilwaukieBarnes,276,188,702,32,1,1
E_Lucksy,199,211,1654,307,1,1
ramonotorres,158,85,182,9,1,1
texaslawgirl,1360,1606,247,646,3,1
capabilitymom,16978,18095,2593,488,1,1
AnnaCareyBooks,6341,804,2440,3503,1,1
A_Bloemendal,235,662,241,32,1,1
JonathanCunha74,36,89,443,36,1,1
allison_debusk,60,190,54,5,1,1
arieswoman1950,1,11,6,0,1,1
Melissa43782107,302,831,169,42,1,1
Chidothe,354,1103,1871,42,1,1
brinais2sweet,16,80,32,0,1,0
GibertK,150,423,718,30,1,1
_caresmith,471,253,1562,73,1,1
CarolineLaHanna,434,1243,1642,133,1,1
hosterthepeople,695,805,1454,1292,1,1
DMAppelbaum,326,300,2940,556,1,1
Farukh_Rashid,45,128,35,1,1,1
vhoeppner,1644,566,1944,1120,1,1
krs1108,31,155,153,15,1,1
Uff_Da_Erica,79,347,471,11,1,1
grandtejas,314,680,2015,283,1,0
gailgocanes,16,148,96,2,1,1
LeighG11,739,1704,1003,190,1,1
Teancums_spear,63,135,187,42,1,0
StillWithHer45,1610,1739,344,295,1,1
aszkutak,187,430,81,240,2,1
SciMedPartners,145,308,468,35,1,1
RayaSaysHey,88,171,1031,42,1,1
dakotavanderha,80,115,65,2,1,0
LauraDeg001,30,53,29,150,1,1
theterrifictc,109,236,2733,90,1,1
robkangas,196,463,372,48,1,1
ginablack,453,206,3111,56,1,1
xbilx,616,1026,2301,271,1,1
txblueredneck,9,82,335,9,1,1
stephanielily,2260,2261,2116,1644,2,1
dihacken,77,323,110,19,1,1
lcs520,129,229,1424,58,1,1
nychka,182,330,2637,61,1,1
WilliamHalterma,3,43,51,0,1,0
ahmedlitz1,95,235,234,52,1,1
_Kat_Blue,10,60,86,10,1,1
lvshoes1,44,142,384,13,1,1
BrianUlm,52,75,134,4,1,1
easowers,238,643,2094,154,1,1
JamesIsDad,84,329,214,9,1,0
gwynniejt,702,711,2397,175,1,1
heyajd,373,811,794,232,1,1
Cullin_Suter24,697,502,656,524,1,0
kevinchamberlin,324334,636,2153,15523,1,0
sideofmacsauce,191,505,2613,292,1,1
mullen7s,133,715,215,17,1,1
ArlecaWoods,62,206,23,8,1,1
cone_is,1439,1499,1744,652,1,1
Aquariusman19,28,115,215,41,1,0
wlpulford,42,260,86,0,1,1
debhughes15,130,493,123,21,1,1
brian_n_ingram,32,149,174,23,1,0
lizzyahunanya,20,70,28,0,1,1
gJillianStone,3207,2464,2339,1299,1,1
theotherbelcher,22,58,58,4,1,1
justusmadre,244,467,422,210,1,1
revmarksims,153,411,24,9,1,1
GianniJannke,197,283,134,196,1,1
jman_gerade14,432,882,445,64,1,0
tvarss,134,115,556,137,1,1
ListonJackson,94,672,413,17,1,1
robertcogan,10,69,158,1,1,0
ErickaDunlap,4675,2082,1687,1603,1,0
Bounty83218122,22,224,48,0,1,0
1451lars,54,373,452,3,1,1
boulderfamilies,253,274,1410,56,1,0
bernsteinstudio,192,384,545,40,4,1
RevJoHudson,979,1569,571,106,1,1
JayliMiller,62,141,185,30,1,1
conniefl,11,74,301,3,1,1
Pam_Monetti,567,836,793,70,1,1
ahshock,184,284,1388,796,1,1
rayrayawake,216,576,283,33,1,1
JannaShoe,268,2329,352,53,16,1
stevebarefoot,91,554,2635,230,1,1
DrDCPhillips,307,981,261,32,1,1
AmilcarGuzman1,484,464,1072,572,1,1
jillmorley,1391,1865,1042,1564,1,1
KateEHansen,1668,1431,1415,1571,2,1
joatchley52,52,36,276,93,1,0
AChez,295,323,1424,61,1,1
escals,4,35,34,11,1,0
whatIknowistrue,48,364,423,8,1,1
BigBSmartOne,79,43,297,15,1,1
Casandratweets,355,345,2724,192,1,1
NicholeRahm,203,1260,803,64,1,1
vashonkris,2111,1268,2187,542,1,1
hamsyde,3,64,20,7,1,1
FayJarred,44,139,13,0,1,0
doodlebugs73,20,99,22,2,1,1
SpinningIndie,1163,1341,1019,698,1,1
josjoe1983,41,38,403,7,1,1
YNGCollectives,67,451,136,93,1,1
MonaCarol,83,330,492,44,1,1
clarebro_oz,8,22,17,0,1,1
EffrtlsslyGEEK,1093,2201,2710,265,1,1
cas_isidro,217,884,316,114,1,1
_shannonspence,115,428,184,34,1,1
flixfreak,187,446,2548,54,1,1
PeoplesFolio,205,351,59,234,1,1
LauraIrisHill,257,392,215,43,2,1
shalomormsby,3554,2191,2651,897,1,1
darylblanksma,25,324,251,10,1,1
tbol77,140,197,390,245,1,1
denniscoy,279,908,1893,207,1,1
DaynaTrueman,416,175,1708,540,1,0
apointy,161,368,613,33,1,1
toktherapy,13,81,7,4,1,1
FairfaxStrong,50,114,176,78,1,1
_taylornature_,201,878,1908,103,1,1
TheCableGodFL,5,57,75,1,1,1
DarrylMBell,11246,1471,1750,3583,1,1
rkhavard,562,736,689,344,1,1
kamccain7,151,245,784,37,1,1
melissapennell,164,1266,2706,66,1,1
ElectAlWilliams,54,185,119,5,1,1
MarcLevine_CA,1508,1089,862,1078,2,1
BaddestJoanna,501,360,2981,36,1,1
kate_duis,26,283,58,2,1,1
aeolos747,67,329,287,3,1,1
jwollbr,24,102,71,13,1,1
NelsonQSpeaks,113,460,208,5,1,1
DrJoanRHarrell,440,1480,172,50,1,1
NYCSocialShort,96,198,135,24,1,1
PreshiRachelle,90,92,66,5,1,1
DBeckwith1,264,516,426,145,1,1
glwilliams51,74,91,1153,31,1,1
xocoleyf,12007,805,2165,7145,1,1
emmavkraus,503,604,1182,629,1,1
snfair,238,2073,82,2,1,1
SusanCBoyle,396,767,275,59,1,1
windzar,136,264,1132,5,1,1
IAnesini,72,195,136,47,1,1
debbiereasley,206,152,1689,396,2,1
ksouth,1479,1275,1651,269,1,1
cathylynn1957,10,87,194,5,1,0
bronie4lyfe,43,171,210,22,1,1
nicolesl,283,386,532,24,2,1
TPTAndy,73,190,160,8,1,1
flawless_mom,4696,1681,2830,2151,1,1
sparkystill,5,55,23,0,1,1
hovy,126,137,3083,120,1,1
ersmith6,147,182,1704,21,1,1
metaralee,529,989,1071,111,1,1
jkennedy1978,36,463,149,1,1,1
PoorOldMama,13,83,133,1,1,1